run_id,stamp_s,frame_id,frame_seq,width,height,detected,cx_px,cy_px,ex,ey,area_ratio,n_candidates,depth_valid,depth_valid_ratio,z_m,x_m,y_m,proc_ms,depth_dt_ms,pub_time_s,target_id,n_rejected,rot_speed_deg_s
replay_assignment5_success_20261008_121732_20261008_123331,1791429633.409102,camera_color_optical_frame,1,640,480,1,323.9,234.0,0.0121,-0.0249,0.01156,3,0,,,,,16.57,,1791429633.726127,1,0,0.0
replay_assignment5_success_20261008_121732_20261008_123331,1791429633.709322,camera_color_optical_frame,2,640,480,0,,,0.0000,0.0000,0.00000,2,0,,,,,22.79,0.00,1791429633.801089,,2,0.0
replay_assignment5_success_20261008_121732_20261008_123331,1791429633.742680,camera_color_optical_frame,3,640,480,0,,,0.0000,0.0000,0.00000,2,0,,,,,8.60,0.00,1791429633.851083,,2,0.0
replay_assignment5_success_20261008_121732_20261008_123331,1791429633.776037,camera_color_optical_frame,4,640,480,0,,,0.0000,0.0000,0.00000,2,0,,,,,7.88,0.00,1791429633.876144,,2,0.0
replay_assignment5_success_20261008_121732_20261008_123331,1791429633.809395,camera_color_optical_frame,5,640,480,0,,,0.0000,0.0000,0.00000,2,0,,,,,8.68,0.00,1791429633.976115,,2,0.0
replay_assignment5_success_20261008_121732_20261008_123331,1791429633.876111,camera_color_optical_frame,6,640,480,0,,,0.0000,0.0000,0.00000,2,0,,,,,7.62,0.00,1791429634.028054,,1,0.0
replay_assignment5_success_20261008_121732_20261008_123331,1791429633.909468,camera_color_optical_frame,7,640,480,1,323.9,234.1,0.0121,-0.0247,0.01156,2,1,1.000,0.4095,-0.0003,-0.0075,9.73,0.00,1791429634.051114,4,2,0.0
replay_assignment5_success_20261008_121732_20261008_123331,1791429633.942826,camera_color_optical_frame,8,640,480,1,323.9,234.1,0.0122,-0.0247,0.01157,2,1,1.000,0.4090,-0.0003,-0.0075,17.84,0.00,1791429634.101137,4,1,0.0
replay_assignment5_success_20261008_121732_20261008_123331,1791429633.976184,camera_color_optical_frame,9,640,480,1,323.9,234.1,0.0121,-0.0246,0.01156,3,1,1.000,0.4090,-0.0003,-0.0075,11.61,0.00,1791429634.162656,4,0,0.0
replay_assignment5_success_20261008_121732_20261008_123331,1791429634.009542,camera_color_optical_frame,10,640,480,1,323.9,234.2,0.0121,-0.0244,0.01155,2,1,0.999,0.4090,-0.0003,-0.0074,8.11,0.00,1791429634.201149,4,1,0.0
replay_assignment5_success_20261008_121732_20261008_123331,1791429634.042900,camera_color_optical_frame,11,640,480,1,323.9,234.0,0.0122,-0.0248,0.01156,2,1,1.000,0.4090,-0.0003,-0.0075,9.53,0.00,1791429634.251179,4,2,0.0
replay_assignment5_success_20261008_121732_20261008_123331,1791429634.076257,camera_color_optical_frame,12,640,480,1,323.8,234.1,0.0120,-0.0247,0.01155,3,1,1.000,0.4090,-0.0004,-0.0075,9.81,0.00,1791429634.276099,4,0,0.0
replay_assignment5_success_20261008_121732_20261008_123331,1791429634.109616,camera_color_optical_frame,13,640,480,1,323.9,234.1,0.0122,-0.0248,0.01159,2,1,1.000,0.4090,-0.0003,-0.0075,8.46,0.00,1791429634.326170,4,2,0.0
replay_assignment5_success_20261008_121732_20261008_123331,1791429634.142975,camera_color_optical_frame,14,640,480,1,323.9,234.1,0.0121,-0.0247,0.01155,3,1,1.000,0.4090,-0.0003,-0.0075,9.00,0.00,1791429634.351210,4,0,0.0
replay_assignment5_success_20261008_121732_20261008_123331,1791429634.209692,camera_color_optical_frame,15,640,480,1,323.9,234.0,0.0121,-0.0249,0.01158,3,1,1.000,0.4090,-0.0003,-0.0075,8.96,0.00,1791429634.401089,4,1,0.0
replay_assignment5_success_20261008_121732_20261008_123331,1791429634.243052,camera_color_optical_frame,16,640,480,1,323.9,234.1,0.0122,-0.0248,0.01157,3,1,1.000,0.4090,-0.0003,-0.0075,9.57,0.00,1791429634.476135,4,1,0.0
replay_assignment5_success_20261008_121732_20261008_123331,1791429634.276411,camera_color_optical_frame,17,640,480,1,323.9,234.1,0.0121,-0.0246,0.01154,3,1,1.000,0.4090,-0.0003,-0.0074,10.37,0.00,1791429634.551510,4,1,0.0
replay_assignment5_success_20261008_121732_20261008_123331,1791429634.343129,camera_color_optical_frame,18,640,480,1,323.9,234.1,0.0122,-0.0245,0.01157,2,1,1.000,0.4090,-0.0003,-0.0074,8.93,0.00,1791429634.576108,4,1,0.0
replay_assignment5_success_20261008_121732_20261008_123331,1791429634.376488,camera_color_optical_frame,19,640,480,1,323.9,234.1,0.0121,-0.0245,0.01156,3,1,1.000,0.4090,-0.0003,-0.0074,8.96,0.00,1791429634.626165,4,1,0.0
replay_assignment5_success_20261008_121732_20261008_123331,1791429634.443206,camera_color_optical_frame,20,640,480,1,323.9,234.0,0.0122,-0.0248,0.01157,3,1,1.000,0.4090,-0.0003,-0.0075,8.67,0.00,1791429634.701101,4,1,0.0
replay_assignment5_success_20261008_121732_20261008_123331,1791429634.476566,camera_color_optical_frame,21,640,480,1,323.9,234.2,0.0122,-0.0243,0.01156,3,1,1.000,0.4090,-0.0003,-0.0074,8.36,0.00,1791429634.751137,4,0,0.0
replay_assignment5_success_20261008_121732_20261008_123331,1791429634.543284,camera_color_optical_frame,22,640,480,1,323.9,234.0,0.0121,-0.0249,0.01157,2,1,1.000,0.4090,-0.0003,-0.0075,9.28,0.00,1791429634.801080,4,2,0.0
replay_assignment5_success_20261008_121732_20261008_123331,1791429634.610003,camera_color_optical_frame,23,640,480,1,323.9,234.1,0.0122,-0.0246,0.01156,4,0,,,,,6.09,66.72,1791429634.826086,4,0,0.0
replay_assignment5_success_20261008_121732_20261008_123331,1791429634.643362,camera_color_optical_frame,24,640,480,1,323.9,234.0,0.0122,-0.0248,0.01157,2,1,1.000,0.4090,-0.0003,-0.0075,9.11,0.00,1791429634.902780,4,1,0.0
replay_assignment5_success_20261008_121732_20261008_123331,1791429634.710081,camera_color_optical_frame,25,640,480,1,323.8,234.1,0.0120,-0.0246,0.01155,2,1,1.000,0.4100,-0.0003,-0.0075,8.66,0.00,1791429634.926238,4,1,0.0
replay_assignment5_success_20261008_121732_20261008_123331,1791429634.776800,camera_color_optical_frame,26,640,480,1,323.9,234.2,0.0121,-0.0243,0.01156,3,1,1.000,0.4090,-0.0003,-0.0074,9.74,0.00,1791429634.976082,4,1,0.0
replay_assignment5_success_20261008_121732_20261008_123331,1791429634.810160,camera_color_optical_frame,27,640,480,1,323.8,234.1,0.0119,-0.0245,0.01152,2,1,1.000,0.4090,-0.0004,-0.0074,8.25,0.00,1791429635.026184,4,1,0.0
replay_assignment5_success_20261008_121732_20261008_123331,1791429634.843519,camera_color_optical_frame,28,640,480,1,323.9,234.2,0.0120,-0.0242,0.01152,3,1,1.000,0.4090,-0.0003,-0.0074,8.72,0.00,1791429635.076095,4,0,0.0
replay_assignment5_success_20261008_121732_20261008_123331,1791429634.910239,camera_color_optical_frame,29,640,480,1,323.9,234.1,0.0122,-0.0247,0.01157,2,1,1.000,0.4090,-0.0003,-0.0075,10.36,0.00,1791429635.126089,4,2,0.0
replay_assignment5_success_20261008_121732_20261008_123331,1791429634.943599,camera_color_optical_frame,30,640,480,1,323.9,234.1,0.0121,-0.0248,0.01157,3,1,1.000,0.4080,-0.0003,-0.0075,9.12,0.00,1791429635.226219,4,0,0.0
replay_assignment5_success_20261008_121732_20261008_123331,1791429634.976958,camera_color_optical_frame,31,640,480,1,323.9,234.1,0.0121,-0.0247,0.01157,3,1,1.000,0.4090,-0.0003,-0.0075,9.28,0.00,1791429635.276093,4,1,0.0
replay_assignment5_success_20261008_121732_20261008_123331,1791429635.043678,camera_color_optical_frame,32,640,480,1,323.9,234.1,0.0121,-0.0246,0.01158,2,1,1.000,0.4090,-0.0003,-0.0075,10.12,0.00,1791429635.351128,4,2,0.0
replay_assignment5_success_20261008_121732_20261008_123331,1791429635.210526,camera_color_optical_frame,33,640,480,1,323.9,234.1,0.0121,-0.0248,0.01157,2,1,1.000,0.4090,-0.0003,-0.0075,9.30,0.00,1791429635.426185,4,1,0.0
replay_assignment5_success_20261008_121732_20261008_123331,1791429635.277265,camera_color_optical_frame,34,640,480,1,323.9,234.1,0.0121,-0.0248,0.01158,2,1,1.000,0.4090,-0.0003,-0.0075,8.47,0.00,1791429635.476090,4,2,0.0
replay_assignment5_success_20261008_121732_20261008_123331,1791429635.310635,camera_color_optical_frame,35,640,480,1,323.9,234.1,0.0122,-0.0246,0.01156,2,1,1.000,0.4090,-0.0003,-0.0075,9.53,0.00,1791429635.551100,4,1,0.0
replay_assignment5_success_20261008_121732_20261008_123331,1791429635.344005,camera_color_optical_frame,36,640,480,1,323.9,234.0,0.0122,-0.0249,0.01158,2,1,1.000,0.4090,-0.0003,-0.0075,9.12,0.00,1791429635.604022,4,2,0.0
replay_assignment5_success_20261008_121732_20261008_123331,1791429635.410744,camera_color_optical_frame,37,640,480,1,323.9,234.1,0.0122,-0.0246,0.01155,2,1,1.000,0.4090,-0.0003,-0.0075,9.53,0.00,1791429635.651678,4,2,0.0
replay_assignment5_success_20261008_121732_20261008_123331,1791429635.444114,camera_color_optical_frame,38,640,480,1,323.8,234.1,0.0119,-0.0245,0.01153,2,1,1.000,0.4090,-0.0004,-0.0074,9.07,0.00,1791429635.704548,4,1,0.0
replay_assignment5_success_20261008_121732_20261008_123331,1791429635.510854,camera_color_optical_frame,39,640,480,1,323.9,234.1,0.0121,-0.0247,0.01157,3,1,1.000,0.4090,-0.0003,-0.0075,9.29,0.00,1791429635.751086,4,1,0.0
replay_assignment5_success_20261008_121732_20261008_123331,1791429635.544223,camera_color_optical_frame,40,640,480,1,323.9,234.0,0.0122,-0.0248,0.01157,3,1,1.000,0.4100,-0.0003,-0.0075,9.13,0.00,1791429635.801195,4,1,0.0
replay_assignment5_success_20261008_121732_20261008_123331,1791429635.610963,camera_color_optical_frame,41,640,480,1,323.9,234.1,0.0121,-0.0244,0.01154,2,1,1.000,0.4080,-0.0003,-0.0074,8.62,0.00,1791429635.876093,4,1,0.0
replay_assignment5_success_20261008_121732_20261008_123331,1791429635.677703,camera_color_optical_frame,42,640,480,1,323.9,234.0,0.0121,-0.0250,0.01159,3,1,1.000,0.4100,-0.0003,-0.0075,9.42,0.00,1791429635.951118,4,0,0.0
replay_assignment5_success_20261008_121732_20261008_123331,1791429635.744442,camera_color_optical_frame,43,640,480,1,323.9,234.1,0.0121,-0.0247,0.01156,4,0,,,,,12.50,66.74,1791429636.001121,4,0,0.0
replay_assignment5_success_20261008_121732_20261008_123331,1791429635.777812,camera_color_optical_frame,44,640,480,1,323.9,234.1,0.0121,-0.0247,0.01156,2,1,1.000,0.4090,-0.0003,-0.0075,17.16,0.00,1791429636.051238,4,2,0.0
replay_assignment5_success_20261008_121732_20261008_123331,1791429635.844552,camera_color_optical_frame,45,640,480,1,323.9,234.0,0.0121,-0.0250,0.01158,2,1,1.000,0.4090,-0.0003,-0.0075,11.18,0.00,1791429636.101184,4,2,0.0
replay_assignment5_success_20261008_121732_20261008_123331,1791429635.911292,camera_color_optical_frame,46,640,480,1,323.9,234.1,0.0121,-0.0244,0.01154,2,1,1.000,0.4090,-0.0003,-0.0074,8.79,0.00,1791429636.151142,4,2,0.0
replay_assignment5_success_20261008_121732_20261008_123331,1791429635.978032,camera_color_optical_frame,47,640,480,1,323.9,234.1,0.0121,-0.0247,0.01156,3,1,1.000,0.4090,-0.0003,-0.0075,9.52,0.00,1791429636.201088,4,1,0.0
replay_assignment5_success_20261008_121732_20261008_123331,1791429636.011402,camera_color_optical_frame,48,640,480,1,323.9,234.1,0.0121,-0.0247,0.01155,3,1,1.000,0.4090,-0.0003,-0.0075,8.68,0.00,1791429636.251215,4,0,0.0
replay_assignment5_success_20261008_121732_20261008_123331,1791429636.044772,camera_color_optical_frame,49,640,480,1,323.8,234.1,0.0120,-0.0246,0.01155,2,1,1.000,0.4090,-0.0004,-0.0075,8.21,0.00,1791429636.326171,4,1,0.0
replay_assignment5_success_20261008_121732_20261008_123331,1791429636.111464,camera_color_optical_frame,50,640,480,1,323.8,234.2,0.0120,-0.0243,0.01153,3,1,1.000,0.4080,-0.0004,-0.0074,8.78,0.00,1791429636.351960,4,1,0.0
replay_assignment5_success_20261008_121732_20261008_123331,1791429636.144810,camera_color_optical_frame,51,640,480,1,323.9,234.1,0.0121,-0.0248,0.01157,2,1,1.000,0.4090,-0.0003,-0.0075,9.02,0.00,1791429636.402382,4,2,0.0
replay_assignment5_success_20261008_121732_20261008_123331,1791429636.211502,camera_color_optical_frame,52,640,480,1,323.9,234.1,0.0121,-0.0247,0.01156,2,1,1.000,0.4090,-0.0003,-0.0075,8.32,0.00,1791429636.451169,4,1,0.0
replay_assignment5_success_20261008_121732_20261008_123331,1791429636.278194,camera_color_optical_frame,53,640,480,1,323.9,234.1,0.0122,-0.0246,0.01157,3,1,1.000,0.4090,-0.0003,-0.0075,8.70,0.00,1791429636.501107,4,0,0.0
replay_assignment5_success_20261008_121732_20261008_123331,1791429636.311540,camera_color_optical_frame,54,640,480,1,323.9,234.1,0.0122,-0.0247,0.01157,2,1,1.000,0.4090,-0.0003,-0.0075,8.76,0.00,1791429636.551131,4,2,0.0
replay_assignment5_success_20261008_121732_20261008_123331,1791429636.378232,camera_color_optical_frame,55,640,480,1,323.8,234.0,0.0120,-0.0248,0.01155,2,1,1.000,0.4090,-0.0004,-0.0075,8.79,0.00,1791429636.626086,4,1,0.0
replay_assignment5_success_20261008_121732_20261008_123331,1791429636.411578,camera_color_optical_frame,56,640,480,1,323.9,234.1,0.0121,-0.0245,0.01155,2,1,1.000,0.4090,-0.0003,-0.0074,9.24,0.00,1791429636.701136,4,1,0.0
replay_assignment5_success_20261008_121732_20261008_123331,1791429636.478269,camera_color_optical_frame,57,640,480,1,323.9,234.1,0.0121,-0.0246,0.01156,2,1,1.000,0.4100,-0.0003,-0.0075,9.12,0.00,1791429636.751108,4,2,0.0
replay_assignment5_success_20261008_121732_20261008_123331,1791429636.511615,camera_color_optical_frame,58,640,480,1,323.9,234.1,0.0121,-0.0245,0.01156,2,1,1.000,0.4100,-0.0003,-0.0075,8.45,0.00,1791429636.801097,4,1,0.0
replay_assignment5_success_20261008_121732_20261008_123331,1791429636.578307,camera_color_optical_frame,59,640,480,1,323.9,234.1,0.0121,-0.0244,0.01154,2,1,1.000,0.4090,-0.0003,-0.0074,9.13,0.00,1791429636.876089,4,2,0.0
replay_assignment5_success_20261008_121732_20261008_123331,1791429636.644999,camera_color_optical_frame,60,640,480,1,323.9,234.0,0.0121,-0.0248,0.01158,3,1,1.000,0.4090,-0.0003,-0.0075,17.65,0.00,1791429636.926105,4,0,0.0
replay_assignment5_success_20261008_121732_20261008_123331,1791429636.711690,camera_color_optical_frame,61,640,480,1,323.9,234.0,0.0121,-0.0248,0.01160,2,1,1.000,0.4090,-0.0003,-0.0075,15.51,0.00,1791429636.976249,4,1,0.0
replay_assignment5_success_20261008_121732_20261008_123331,1791429636.778381,camera_color_optical_frame,62,640,480,1,323.8,234.1,0.0120,-0.0246,0.01156,2,1,1.000,0.4090,-0.0004,-0.0075,10.18,0.00,1791429637.051225,4,2,0.0
replay_assignment5_success_20261008_121732_20261008_123331,1791429636.845073,camera_color_optical_frame,63,640,480,1,323.8,234.1,0.0120,-0.0244,0.01153,3,1,1.000,0.4090,-0.0003,-0.0074,8.41,0.00,1791429637.076814,4,1,0.0
replay_assignment5_success_20261008_121732_20261008_123331,1791429636.878418,camera_color_optical_frame,64,640,480,1,323.9,234.1,0.0121,-0.0246,0.01156,2,1,0.999,0.4100,-0.0003,-0.0075,8.35,0.00,1791429637.101429,4,1,0.0
replay_assignment5_success_20261008_121732_20261008_123331,1791429636.945110,camera_color_optical_frame,65,640,480,1,323.9,234.1,0.0121,-0.0246,0.01157,3,1,1.000,0.4090,-0.0003,-0.0075,8.97,0.00,1791429637.151135,4,0,0.0
replay_assignment5_success_20261008_121732_20261008_123331,1791429636.978455,camera_color_optical_frame,66,640,480,1,323.8,234.1,0.0120,-0.0247,0.01156,3,1,1.000,0.4090,-0.0004,-0.0075,9.24,0.00,1791429637.201313,4,1,0.0
replay_assignment5_success_20261008_121732_20261008_123331,1791429637.011801,camera_color_optical_frame,67,640,480,1,323.9,234.1,0.0121,-0.0245,0.01154,3,1,1.000,0.4100,-0.0003,-0.0075,8.53,0.00,1791429637.251090,4,0,0.0
replay_assignment5_success_20261008_121732_20261008_123331,1791429637.078505,camera_color_optical_frame,68,640,480,1,323.9,234.1,0.0120,-0.0247,0.01154,2,1,1.000,0.4080,-0.0003,-0.0075,8.88,0.00,1791429637.301083,4,1,0.0
replay_assignment5_success_20261008_121732_20261008_123331,1791429637.111820,camera_color_optical_frame,69,640,480,1,323.9,234.0,0.0122,-0.0249,0.01158,3,1,1.000,0.4090,-0.0003,-0.0075,11.55,0.00,1791429637.376114,4,0,0.0
replay_assignment5_success_20261008_121732_20261008_123331,1791429637.178557,camera_color_optical_frame,70,640,480,1,323.9,234.0,0.0121,-0.0248,0.01157,3,1,1.000,0.4090,-0.0003,-0.0075,9.09,0.00,1791429637.401136,4,0,0.0
replay_assignment5_success_20261008_121732_20261008_123331,1791429637.211926,camera_color_optical_frame,71,640,480,1,323.9,234.1,0.0121,-0.0244,0.01156,3,1,1.000,0.4090,-0.0003,-0.0074,8.34,0.00,1791429637.476162,4,0,0.0
replay_assignment5_success_20261008_121732_20261008_123331,1791429637.278663,camera_color_optical_frame,72,640,480,1,323.8,234.2,0.0120,-0.0242,0.01153,2,1,1.000,0.4090,-0.0004,-0.0074,8.46,0.00,1791429637.526139,4,2,0.0
replay_assignment5_success_20261008_121732_20261008_123331,1791429637.378770,camera_color_optical_frame,73,640,480,1,323.9,234.0,0.0122,-0.0249,0.01156,4,0,,,,,6.80,100.11,1791429637.576402,4,0,0.0
replay_assignment5_success_20261008_121732_20261008_123331,1791429637.412138,camera_color_optical_frame,74,640,480,1,323.8,234.1,0.0119,-0.0246,0.01154,3,0,,,,,6.34,133.48,1791429637.601234,4,0,0.0
replay_assignment5_success_20261008_121732_20261008_123331,1791429637.478876,camera_color_optical_frame,75,640,480,1,323.9,234.0,0.0121,-0.0248,0.01157,4,0,,,,,6.72,200.21,1791429637.626130,4,0,0.0
replay_assignment5_success_20261008_121732_20261008_123331,1791429637.545614,camera_color_optical_frame,76,640,480,1,323.9,234.0,0.0121,-0.0248,0.01155,4,0,,,,,7.39,266.95,1791429637.651113,4,0,0.0
replay_assignment5_success_20261008_121732_20261008_123331,1791429637.578982,camera_color_optical_frame,77,640,480,1,323.9,234.1,0.0121,-0.0246,0.01156,4,0,,,,,6.53,300.32,1791429637.676255,4,0,0.0
replay_assignment5_success_20261008_121732_20261008_123331,1791429637.612351,camera_color_optical_frame,78,640,480,1,323.9,234.1,0.0121,-0.0246,0.01156,4,0,,,,,6.41,333.69,1791429637.701154,4,0,0.0
replay_assignment5_success_20261008_121732_20261008_123331,1791429637.645720,camera_color_optical_frame,79,640,480,1,323.9,234.2,0.0121,-0.0244,0.01155,2,1,1.000,0.4090,-0.0003,-0.0074,9.37,0.00,1791429637.778338,4,2,0.0
replay_assignment5_success_20261008_121732_20261008_123331,1791429637.679089,camera_color_optical_frame,80,640,480,1,323.8,234.1,0.0120,-0.0247,0.01156,3,1,1.000,0.4090,-0.0003,-0.0075,10.41,0.00,1791429637.801116,4,1,0.0
replay_assignment5_success_20261008_121732_20261008_123331,1791429637.712457,camera_color_optical_frame,81,640,480,1,323.8,234.0,0.0120,-0.0249,0.01158,2,1,1.000,0.4100,-0.0004,-0.0075,15.86,0.00,1791429637.851121,4,1,0.0
replay_assignment5_success_20261008_121732_20261008_123331,1791429637.745826,camera_color_optical_frame,82,640,480,1,323.9,234.0,0.0121,-0.0249,0.01157,2,1,1.000,0.4090,-0.0003,-0.0075,11.63,0.00,1791429637.901366,4,1,0.0
replay_assignment5_success_20261008_121732_20261008_123331,1791429637.779195,camera_color_optical_frame,83,640,480,1,323.8,234.0,0.0120,-0.0248,0.01157,2,1,1.000,0.4090,-0.0004,-0.0075,8.58,0.00,1791429637.951112,4,1,0.0
replay_assignment5_success_20261008_121732_20261008_123331,1791429637.812564,camera_color_optical_frame,84,640,480,1,323.9,234.1,0.0121,-0.0247,0.01158,2,1,1.000,0.4090,-0.0003,-0.0075,9.51,0.00,1791429638.001124,4,2,0.0
replay_assignment5_success_20261008_121732_20261008_123331,1791429637.845933,camera_color_optical_frame,85,640,480,1,323.9,234.2,0.0121,-0.0242,0.01154,2,1,1.000,0.4100,-0.0003,-0.0074,8.55,0.00,1791429638.051093,4,2,0.0
replay_assignment5_success_20261008_121732_20261008_123331,1791429637.879302,camera_color_optical_frame,86,640,480,1,323.9,234.1,0.0122,-0.0246,0.01156,2,1,1.000,0.4090,-0.0003,-0.0075,11.20,0.00,1791429638.126123,4,2,0.0
replay_assignment5_success_20261008_121732_20261008_123331,1791429637.912671,camera_color_optical_frame,87,640,480,1,323.9,234.1,0.0121,-0.0247,0.01156,2,1,1.000,0.4090,-0.0003,-0.0075,8.60,0.00,1791429638.151099,4,2,0.0
replay_assignment5_success_20261008_121732_20261008_123331,1791429637.979408,camera_color_optical_frame,88,640,480,1,323.9,234.1,0.0121,-0.0246,0.01156,3,1,1.000,0.4090,-0.0003,-0.0075,12.35,0.00,1791429638.203281,4,0,0.0
replay_assignment5_success_20261008_121732_20261008_123331,1791429638.012777,camera_color_optical_frame,89,640,480,1,323.9,234.1,0.0122,-0.0246,0.01156,3,1,1.000,0.4080,-0.0003,-0.0074,9.65,0.00,1791429638.276095,4,1,0.0
replay_assignment5_success_20261008_121732_20261008_123331,1791429638.079515,camera_color_optical_frame,90,640,480,1,323.9,234.2,0.0121,-0.0243,0.01155,3,1,1.000,0.4090,-0.0003,-0.0074,9.82,0.00,1791429638.301106,4,1,0.0
replay_assignment5_success_20261008_121732_20261008_123331,1791429638.112871,camera_color_optical_frame,91,640,480,1,323.9,234.2,0.0120,-0.0242,0.01151,2,1,1.000,0.4090,-0.0003,-0.0074,8.62,0.00,1791429638.376090,4,1,0.0
replay_assignment5_success_20261008_121732_20261008_123331,1791429638.179582,camera_color_optical_frame,92,640,480,1,323.8,234.1,0.0120,-0.0245,0.01154,2,1,1.000,0.4090,-0.0004,-0.0074,10.04,0.00,1791429638.426138,4,2,0.0
replay_assignment5_success_20261008_121732_20261008_123331,1791429638.212938,camera_color_optical_frame,93,640,480,1,323.9,234.1,0.0121,-0.0245,0.01154,3,1,1.000,0.4090,-0.0003,-0.0074,9.94,0.00,1791429638.476128,4,0,0.0
replay_assignment5_success_20261008_121732_20261008_123331,1791429638.279649,camera_color_optical_frame,94,640,480,1,323.9,234.2,0.0120,-0.0244,0.01154,2,1,1.000,0.4090,-0.0003,-0.0074,8.55,0.00,1791429638.526131,4,2,0.0
replay_assignment5_success_20261008_121732_20261008_123331,1791429638.313005,camera_color_optical_frame,95,640,480,1,323.9,234.1,0.0120,-0.0245,0.01155,2,1,1.000,0.4090,-0.0003,-0.0074,8.43,0.00,1791429638.576256,4,2,0.0
replay_assignment5_success_20261008_121732_20261008_123331,1791429638.379716,camera_color_optical_frame,96,640,480,1,323.8,234.2,0.0120,-0.0243,0.01154,3,1,1.000,0.4090,-0.0004,-0.0074,8.38,0.00,1791429638.626150,4,0,0.0
replay_assignment5_success_20261008_121732_20261008_123331,1791429638.413072,camera_color_optical_frame,97,640,480,1,323.8,234.2,0.0119,-0.0243,0.01152,3,1,1.000,0.4090,-0.0004,-0.0074,9.81,0.00,1791429638.651115,4,0,0.0
replay_assignment5_success_20261008_121732_20261008_123331,1791429638.479782,camera_color_optical_frame,98,640,480,1,323.9,234.0,0.0121,-0.0249,0.01156,2,1,1.000,0.4090,-0.0003,-0.0075,8.79,0.00,1791429638.701102,4,1,0.0
replay_assignment5_success_20261008_121732_20261008_123331,1791429638.513138,camera_color_optical_frame,99,640,480,1,323.8,234.1,0.0119,-0.0246,0.01153,3,1,1.000,0.4090,-0.0004,-0.0074,16.38,0.00,1791429638.751144,4,0,0.0
replay_assignment5_success_20261008_121732_20261008_123331,1791429638.579849,camera_color_optical_frame,100,640,480,1,323.9,234.1,0.0121,-0.0244,0.01157,2,1,1.000,0.4100,-0.0003,-0.0074,9.37,0.00,1791429638.801163,4,1,0.0
replay_assignment5_success_20261008_121732_20261008_123331,1791429638.613204,camera_color_optical_frame,101,640,480,1,323.9,234.1,0.0121,-0.0247,0.01154,2,1,1.000,0.4090,-0.0003,-0.0075,8.21,0.00,1791429638.876179,4,1,0.0
replay_assignment5_success_20261008_121732_20261008_123331,1791429638.646559,camera_color_optical_frame,102,640,480,1,323.8,234.2,0.0120,-0.0243,0.01152,3,1,1.000,0.4090,-0.0004,-0.0074,12.08,0.00,1791429638.901167,4,1,0.0
replay_assignment5_success_20261008_121732_20261008_123331,1791429638.713269,camera_color_optical_frame,103,640,480,1,323.9,234.1,0.0121,-0.0247,0.01158,3,1,1.000,0.4090,-0.0003,-0.0075,9.45,0.00,1791429638.951088,4,1,0.0
replay_assignment5_success_20261008_121732_20261008_123331,1791429638.746624,camera_color_optical_frame,104,640,480,1,323.9,234.1,0.0121,-0.0246,0.01157,3,1,1.000,0.4090,-0.0003,-0.0075,9.18,0.00,1791429639.001084,4,1,0.0
replay_assignment5_success_20261008_121732_20261008_123331,1791429638.846690,camera_color_optical_frame,105,640,480,1,323.8,234.1,0.0120,-0.0248,0.01156,3,1,1.000,0.4090,-0.0004,-0.0075,8.81,0.00,1791429639.076109,4,1,0.0
replay_assignment5_success_20261008_121732_20261008_123331,1791429638.913399,camera_color_optical_frame,106,640,480,1,323.9,234.1,0.0121,-0.0247,0.01158,3,1,1.000,0.4090,-0.0003,-0.0075,9.95,0.00,1791429639.151165,4,1,0.0
replay_assignment5_success_20261008_121732_20261008_123331,1791429638.946754,camera_color_optical_frame,107,640,480,1,323.9,234.1,0.0121,-0.0248,0.01158,3,1,1.000,0.4090,-0.0003,-0.0075,8.88,0.00,1791429639.201206,4,0,0.0
replay_assignment5_success_20261008_121732_20261008_123331,1791429639.013464,camera_color_optical_frame,108,640,480,1,323.9,234.0,0.0121,-0.0249,0.01158,2,1,1.000,0.4090,-0.0003,-0.0075,9.34,0.00,1791429639.303323,4,1,0.0
replay_assignment5_success_20261008_121732_20261008_123331,1791429639.046775,camera_color_optical_frame,109,640,480,1,323.9,234.1,0.0121,-0.0246,0.01157,2,1,1.000,0.4085,-0.0003,-0.0075,8.29,0.00,1791429639.351200,4,1,0.0
replay_assignment5_success_20261008_121732_20261008_123331,1791429639.080140,camera_color_optical_frame,110,640,480,1,323.9,234.0,0.0122,-0.0248,0.01158,4,0,,,,,7.58,33.36,1791429639.376128,4,0,0.0
replay_assignment5_success_20261008_121732_20261008_123331,1791429639.180233,camera_color_optical_frame,111,640,480,1,323.9,234.1,0.0122,-0.0247,0.01157,4,0,,,,,6.50,133.46,1791429639.401085,4,0,0.0
replay_assignment5_success_20261008_121732_20261008_123331,1791429639.246962,camera_color_optical_frame,112,640,480,1,323.9,234.1,0.0121,-0.0244,0.01158,4,0,,,,,6.54,200.19,1791429639.426104,4,0,0.0
replay_assignment5_success_20261008_121732_20261008_123331,1791429639.313690,camera_color_optical_frame,113,640,480,1,323.8,234.1,0.0120,-0.0248,0.01156,3,0,,,,,6.24,266.91,1791429639.452973,4,0,0.0
replay_assignment5_success_20261008_121732_20261008_123331,1791429639.380418,camera_color_optical_frame,114,640,480,1,323.9,234.0,0.0122,-0.0250,0.01159,3,0,,,,,7.47,333.64,1791429639.476125,4,0,0.0
replay_assignment5_success_20261008_121732_20261008_123331,1791429639.413783,camera_color_optical_frame,115,640,480,1,323.9,234.1,0.0121,-0.0247,0.01157,3,0,,,,,6.31,367.01,1791429639.555592,4,0,0.0
replay_assignment5_success_20261008_121732_20261008_123331,1791429639.447147,camera_color_optical_frame,116,640,480,1,323.8,234.1,0.0120,-0.0248,0.01155,4,0,,,,,6.51,33.36,1791429639.576074,4,0,0.0
replay_assignment5_success_20261008_121732_20261008_123331,1791429639.480511,camera_color_optical_frame,117,640,480,1,323.9,234.1,0.0122,-0.0245,0.01155,4,0,,,,,7.82,33.36,1791429639.626142,4,0,0.0
replay_assignment5_success_20261008_121732_20261008_123331,1791429639.513875,camera_color_optical_frame,118,640,480,1,323.9,234.0,0.0120,-0.0250,0.01158,4,0,,,,,6.44,33.36,1791429639.726127,4,0,0.0
replay_assignment5_success_20261008_121732_20261008_123331,1791429639.547239,camera_color_optical_frame,119,640,480,1,323.9,234.1,0.0121,-0.0246,0.01156,3,0,,,,,11.30,33.36,1791429639.753137,4,0,0.0
replay_assignment5_success_20261008_121732_20261008_123331,1791429639.580603,camera_color_optical_frame,120,640,480,1,323.9,234.2,0.0121,-0.0242,0.01155,4,0,,,,,10.49,33.36,1791429639.776279,4,0,0.0
replay_assignment5_success_20261008_121732_20261008_123331,1791429639.613967,camera_color_optical_frame,121,640,480,1,323.9,234.0,0.0121,-0.0249,0.01157,2,1,1.000,0.4090,-0.0003,-0.0075,9.18,0.00,1791429639.876202,4,2,0.0
replay_assignment5_success_20261008_121732_20261008_123331,1791429639.680695,camera_color_optical_frame,122,640,480,1,323.8,234.2,0.0120,-0.0244,0.01152,4,0,,,,,7.49,66.73,1791429639.926129,4,0,0.0
replay_assignment5_success_20261008_121732_20261008_123331,1791429639.714059,camera_color_optical_frame,123,640,480,1,323.8,234.2,0.0120,-0.0244,0.01154,2,1,1.000,0.4090,-0.0004,-0.0074,9.48,0.00,1791429640.001088,4,1,0.0
replay_assignment5_success_20261008_121732_20261008_123331,1791429639.780787,camera_color_optical_frame,124,640,480,1,323.8,234.1,0.0119,-0.0245,0.01155,2,1,1.000,0.4090,-0.0004,-0.0074,8.39,0.00,1791429640.076144,4,2,0.0
replay_assignment5_success_20261008_121732_20261008_123331,1791429639.814151,camera_color_optical_frame,125,640,480,1,323.9,234.1,0.0122,-0.0246,0.01158,2,1,1.000,0.4090,-0.0003,-0.0075,9.15,0.00,1791429640.126092,4,1,0.0
replay_assignment5_success_20261008_121732_20261008_123331,1791429639.847515,camera_color_optical_frame,126,640,480,1,323.8,234.1,0.0120,-0.0247,0.01155,4,0,,,,,7.50,33.36,1791429640.151095,4,0,0.0
replay_assignment5_success_20261008_121732_20261008_123331,1791429639.947606,camera_color_optical_frame,127,640,480,1,323.9,234.2,0.0121,-0.0243,0.01156,3,0,,,,,6.71,133.46,1791429640.176084,4,0,0.0
replay_assignment5_success_20261008_121732_20261008_123331,1791429640.014334,camera_color_optical_frame,128,640,480,1,323.9,234.1,0.0122,-0.0247,0.01157,4,0,,,,,6.63,200.18,1791429640.201145,4,0,0.0
replay_assignment5_success_20261008_121732_20261008_123331,1791429640.081062,camera_color_optical_frame,129,640,480,1,323.8,234.0,0.0120,-0.0248,0.01153,4,0,,,,,7.24,266.91,1791429640.226094,4,0,0.0
replay_assignment5_success_20261008_121732_20261008_123331,1791429640.147789,camera_color_optical_frame,130,640,480,1,323.9,234.1,0.0121,-0.0247,0.01156,4,0,,,,,7.18,333.64,1791429640.251080,4,0,0.0
replay_assignment5_success_20261008_121732_20261008_123331,1791429640.181153,camera_color_optical_frame,131,640,480,1,323.8,234.1,0.0120,-0.0246,0.01156,3,0,,,,,7.18,367.00,1791429640.251080,4,0,0.0
replay_assignment5_success_20261008_121732_20261008_123331,1791429640.214516,camera_color_optical_frame,132,640,480,1,323.9,234.1,0.0121,-0.0246,0.01155,4,0,,,,,7.31,400.37,1791429640.276279,4,0,0.0
replay_assignment5_success_20261008_121732_20261008_123331,1791429640.247878,camera_color_optical_frame,133,640,480,1,323.9,234.0,0.0121,-0.0249,0.01157,2,1,1.000,0.4090,-0.0003,-0.0075,9.34,0.00,1791429640.326149,4,2,0.0
replay_assignment5_success_20261008_121732_20261008_123331,1791429640.281240,camera_color_optical_frame,134,640,480,1,323.9,234.1,0.0121,-0.0247,0.01157,3,1,1.000,0.4090,-0.0003,-0.0075,8.99,0.00,1791429640.376126,4,0,0.0
replay_assignment5_success_20261008_121732_20261008_123331,1791429640.314601,camera_color_optical_frame,135,640,480,1,323.9,234.1,0.0121,-0.0246,0.01157,2,1,1.000,0.4080,-0.0003,-0.0074,8.52,0.00,1791429640.451120,4,2,0.0
replay_assignment5_success_20261008_121732_20261008_123331,1791429640.347962,camera_color_optical_frame,136,640,480,1,323.9,234.0,0.0122,-0.0250,0.01159,3,1,1.000,0.4090,-0.0003,-0.0075,9.00,0.00,1791429640.501114,4,0,0.0
replay_assignment5_success_20261008_121732_20261008_123331,1791429640.381324,camera_color_optical_frame,137,640,480,1,323.9,234.1,0.0121,-0.0248,0.01158,2,1,1.000,0.4090,-0.0003,-0.0075,9.90,0.00,1791429640.551079,4,1,0.0
replay_assignment5_success_20261008_121732_20261008_123331,1791429640.414685,camera_color_optical_frame,138,640,480,1,323.9,234.1,0.0122,-0.0247,0.01156,3,1,1.000,0.4080,-0.0003,-0.0075,16.70,0.00,1791429640.601101,4,1,0.0
replay_assignment5_success_20261008_121732_20261008_123331,1791429640.448046,camera_color_optical_frame,139,640,480,1,323.8,234.0,0.0120,-0.0249,0.01156,2,1,1.000,0.4090,-0.0004,-0.0075,15.90,0.00,1791429640.626165,4,2,0.0
replay_assignment5_success_20261008_121732_20261008_123331,1791429640.481408,camera_color_optical_frame,140,640,480,1,323.9,234.1,0.0121,-0.0248,0.01158,2,1,0.999,0.4090,-0.0003,-0.0075,8.88,0.00,1791429640.701262,4,1,0.0
replay_assignment5_success_20261008_121732_20261008_123331,1791429640.514769,camera_color_optical_frame,141,640,480,1,323.9,234.0,0.0121,-0.0248,0.01158,2,1,1.000,0.4090,-0.0003,-0.0075,8.89,0.00,1791429640.726110,4,1,0.0
replay_assignment5_success_20261008_121732_20261008_123331,1791429640.548130,camera_color_optical_frame,142,640,480,1,323.9,234.0,0.0122,-0.0249,0.01158,3,1,1.000,0.4090,-0.0003,-0.0075,8.88,0.00,1791429640.776092,4,0,0.0
replay_assignment5_success_20261008_121732_20261008_123331,1791429640.614852,camera_color_optical_frame,143,640,480,1,323.9,234.0,0.0121,-0.0251,0.01160,2,1,1.000,0.4090,-0.0003,-0.0075,9.30,0.00,1791429640.826108,4,1,0.0
replay_assignment5_success_20261008_121732_20261008_123331,1791429640.648213,camera_color_optical_frame,144,640,480,1,323.8,234.0,0.0120,-0.0251,0.01158,2,1,1.000,0.4090,-0.0004,-0.0075,8.34,0.00,1791429640.901225,4,2,0.0
replay_assignment5_success_20261008_121732_20261008_123331,1791429640.714935,camera_color_optical_frame,145,640,480,1,323.8,234.0,0.0120,-0.0250,0.01158,2,1,1.000,0.4100,-0.0004,-0.0075,8.17,0.00,1791429640.951130,4,1,0.0
replay_assignment5_success_20261008_121732_20261008_123331,1791429640.748296,camera_color_optical_frame,146,640,480,1,323.9,234.1,0.0121,-0.0247,0.01156,3,1,1.000,0.4090,-0.0003,-0.0075,9.26,0.00,1791429641.001129,4,0,0.0
replay_assignment5_success_20261008_121732_20261008_123331,1791429640.815018,camera_color_optical_frame,147,640,480,1,323.9,234.1,0.0120,-0.0247,0.01155,3,1,1.000,0.4090,-0.0003,-0.0075,9.07,0.00,1791429641.051128,4,0,0.0
replay_assignment5_success_20261008_121732_20261008_123331,1791429640.848378,camera_color_optical_frame,148,640,480,1,323.8,234.0,0.0120,-0.0249,0.01156,2,1,1.000,0.4090,-0.0004,-0.0075,8.59,0.00,1791429641.076119,4,2,0.0
replay_assignment5_success_20261008_121732_20261008_123331,1791429640.915100,camera_color_optical_frame,149,640,480,1,323.9,234.0,0.0120,-0.0251,0.01160,2,1,1.000,0.4090,-0.0003,-0.0075,8.63,0.00,1791429641.151135,4,2,0.0
replay_assignment5_success_20261008_121732_20261008_123331,1791429640.948461,camera_color_optical_frame,150,640,480,1,323.9,234.0,0.0121,-0.0250,0.01160,2,1,1.000,0.4100,-0.0003,-0.0075,9.80,0.00,1791429641.176475,4,2,0.0
replay_assignment5_success_20261008_121732_20261008_123331,1791429641.015182,camera_color_optical_frame,151,640,480,1,323.9,234.1,0.0120,-0.0246,0.01153,2,1,1.000,0.4090,-0.0003,-0.0075,9.08,0.00,1791429641.226215,4,1,0.0
replay_assignment5_success_20261008_121732_20261008_123331,1791429641.048542,camera_color_optical_frame,152,640,480,1,323.9,234.0,0.0121,-0.0250,0.01158,2,1,1.000,0.4090,-0.0003,-0.0075,10.87,0.00,1791429641.276211,4,2,0.0
replay_assignment5_success_20261008_121732_20261008_123331,1791429641.115308,camera_color_optical_frame,153,640,480,1,323.8,234.0,0.0120,-0.0249,0.01157,2,1,1.000,0.4090,-0.0004,-0.0075,8.30,0.00,1791429641.326098,4,1,0.0
replay_assignment5_success_20261008_121732_20261008_123331,1791429641.148657,camera_color_optical_frame,154,640,480,1,323.9,234.0,0.0120,-0.0250,0.01158,3,1,1.000,0.4090,-0.0003,-0.0075,9.62,0.00,1791429641.376092,4,1,0.0
replay_assignment5_success_20261008_121732_20261008_123331,1791429641.215353,camera_color_optical_frame,155,640,480,1,323.9,234.0,0.0120,-0.0249,0.01158,2,1,1.000,0.4090,-0.0003,-0.0075,8.17,0.00,1791429641.428213,4,1,0.0
replay_assignment5_success_20261008_121732_20261008_123331,1791429641.248701,camera_color_optical_frame,156,640,480,1,323.8,234.1,0.0119,-0.0247,0.01154,2,1,1.000,0.4090,-0.0004,-0.0075,8.35,0.00,1791429641.476797,4,2,0.0
replay_assignment5_success_20261008_121732_20261008_123331,1791429641.315397,camera_color_optical_frame,157,640,480,1,323.9,234.0,0.0120,-0.0250,0.01159,2,1,0.999,0.4090,-0.0003,-0.0075,9.94,0.00,1791429641.501129,4,1,0.0
replay_assignment5_success_20261008_121732_20261008_123331,1791429641.348745,camera_color_optical_frame,158,640,480,1,323.9,234.1,0.0121,-0.0248,0.01158,2,1,1.000,0.4090,-0.0003,-0.0075,8.40,0.00,1791429641.551104,4,2,0.0
replay_assignment5_success_20261008_121732_20261008_123331,1791429641.382092,camera_color_optical_frame,159,640,480,1,323.9,234.0,0.0122,-0.0250,0.01159,2,1,1.000,0.4090,-0.0003,-0.0075,8.70,0.00,1791429641.601088,4,2,0.0
replay_assignment5_success_20261008_121732_20261008_123331,1791429641.448787,camera_color_optical_frame,160,640,480,1,323.9,234.0,0.0121,-0.0251,0.01160,2,1,1.000,0.4090,-0.0003,-0.0075,8.28,0.00,1791429641.626226,4,1,0.0
replay_assignment5_success_20261008_121732_20261008_123331,1791429641.482135,camera_color_optical_frame,161,640,480,1,323.9,234.0,0.0121,-0.0251,0.01157,3,1,1.000,0.4090,-0.0003,-0.0075,8.59,0.00,1791429641.651109,4,1,0.0
replay_assignment5_success_20261008_121732_20261008_123331,1791429641.515482,camera_color_optical_frame,162,640,480,1,323.9,234.0,0.0123,-0.0248,0.01158,3,1,0.999,0.4080,-0.0003,-0.0075,8.76,0.00,1791429641.701143,4,0,0.0
replay_assignment5_success_20261008_121732_20261008_123331,1791429641.582177,camera_color_optical_frame,163,640,480,1,323.8,234.0,0.0119,-0.0248,0.01154,3,1,1.000,0.4080,-0.0004,-0.0075,8.48,0.00,1791429641.726094,4,0,0.0
replay_assignment5_success_20261008_121732_20261008_123331,1791429641.615524,camera_color_optical_frame,164,640,480,1,323.8,234.0,0.0120,-0.0250,0.01156,2,1,1.000,0.4080,-0.0003,-0.0075,8.15,0.00,1791429641.776956,4,1,0.0
replay_assignment5_success_20261008_121732_20261008_123331,1791429641.648871,camera_color_optical_frame,165,640,480,1,323.9,234.0,0.0121,-0.0249,0.01158,2,1,1.000,0.4090,-0.0003,-0.0075,9.34,0.00,1791429641.801234,4,2,0.0
replay_assignment5_success_20261008_121732_20261008_123331,1791429641.682218,camera_color_optical_frame,166,640,480,1,323.8,234.0,0.0120,-0.0248,0.01158,2,1,1.000,0.4090,-0.0004,-0.0075,9.00,0.00,1791429641.826100,4,1,0.0
replay_assignment5_success_20261008_121732_20261008_123331,1791429641.715565,camera_color_optical_frame,167,640,480,1,323.9,234.0,0.0121,-0.0249,0.01158,3,1,1.000,0.4080,-0.0003,-0.0075,8.81,0.00,1791429641.876087,4,0,0.0
replay_assignment5_success_20261008_121732_20261008_123331,1791429641.748912,camera_color_optical_frame,168,640,480,1,323.9,234.0,0.0121,-0.0250,0.01159,2,1,1.000,0.4080,-0.0003,-0.0075,17.92,0.00,1791429641.901085,4,2,0.0
replay_assignment5_success_20261008_121732_20261008_123331,1791429641.782259,camera_color_optical_frame,169,640,480,1,323.8,234.0,0.0120,-0.0251,0.01158,2,1,1.000,0.4090,-0.0004,-0.0075,18.60,0.00,1791429641.926855,4,2,0.0
replay_assignment5_success_20261008_121732_20261008_123331,1791429641.815606,camera_color_optical_frame,170,640,480,1,323.9,234.0,0.0121,-0.0249,0.01158,3,1,1.000,0.4090,-0.0003,-0.0075,16.33,0.00,1791429641.976902,4,0,0.0
replay_assignment5_success_20261008_121732_20261008_123331,1791429641.848952,camera_color_optical_frame,171,640,480,1,323.9,234.0,0.0121,-0.0249,0.01157,3,1,1.000,0.4090,-0.0003,-0.0075,8.30,0.00,1791429642.001263,4,0,0.0
replay_assignment5_success_20261008_121732_20261008_123331,1791429641.882299,camera_color_optical_frame,172,640,480,1,323.9,234.1,0.0121,-0.0246,0.01156,2,1,1.000,0.4100,-0.0003,-0.0075,10.14,0.00,1791429642.051087,4,2,0.0
replay_assignment5_success_20261008_121732_20261008_123331,1791429641.915645,camera_color_optical_frame,173,640,480,1,323.9,234.0,0.0121,-0.0248,0.01158,2,1,1.000,0.4090,-0.0003,-0.0075,9.03,0.00,1791429642.076143,4,2,0.0
replay_assignment5_success_20261008_121732_20261008_123331,1791429641.948992,camera_color_optical_frame,174,640,480,1,323.9,234.0,0.0121,-0.0249,0.01160,2,1,1.000,0.4090,-0.0003,-0.0075,8.44,0.00,1791429642.126302,4,2,0.0
replay_assignment5_success_20261008_121732_20261008_123331,1791429641.982338,camera_color_optical_frame,175,640,480,1,323.9,234.0,0.0120,-0.0250,0.01157,2,1,1.000,0.4090,-0.0003,-0.0075,11.94,0.00,1791429642.151107,4,2,0.0
replay_assignment5_success_20261008_121732_20261008_123331,1791429642.049031,camera_color_optical_frame,176,640,480,1,323.9,234.0,0.0121,-0.0250,0.01158,4,0,,,,,6.47,66.69,1791429642.176117,4,0,0.0
replay_assignment5_success_20261008_121732_20261008_123331,1791429642.082376,camera_color_optical_frame,177,640,480,1,323.9,234.0,0.0121,-0.0250,0.01160,2,1,1.000,0.4090,-0.0003,-0.0075,9.25,0.00,1791429642.202548,4,1,0.0
replay_assignment5_success_20261008_121732_20261008_123331,1791429642.115723,camera_color_optical_frame,178,640,480,1,323.9,233.9,0.0122,-0.0255,0.01161,2,1,1.000,0.4070,-0.0003,-0.0076,8.54,0.00,1791429642.226117,4,2,0.0
replay_assignment5_success_20261008_121732_20261008_123331,1791429642.149068,camera_color_optical_frame,179,640,480,1,323.9,233.9,0.0122,-0.0255,0.01161,3,1,1.000,0.4080,-0.0003,-0.0076,8.26,0.00,1791429642.276086,4,0,0.0
replay_assignment5_success_20261008_121732_20261008_123331,1791429642.182414,camera_color_optical_frame,180,640,480,1,323.9,233.9,0.0122,-0.0253,0.01162,2,1,1.000,0.4090,-0.0003,-0.0076,12.15,0.00,1791429642.301085,4,2,0.0
replay_assignment5_success_20261008_121732_20261008_123331,1791429642.215763,camera_color_optical_frame,181,640,480,1,323.9,233.8,0.0122,-0.0257,0.01163,2,1,1.000,0.4080,-0.0003,-0.0076,8.68,0.00,1791429642.326244,4,2,0.0
replay_assignment5_success_20261008_121732_20261008_123331,1791429642.249112,camera_color_optical_frame,182,640,480,1,323.9,233.8,0.0122,-0.0258,0.01163,2,1,1.000,0.4090,-0.0003,-0.0077,9.43,0.00,1791429642.376191,4,2,0.0
replay_assignment5_success_20261008_121732_20261008_123331,1791429642.282460,camera_color_optical_frame,183,640,480,1,323.9,233.8,0.0121,-0.0258,0.01164,2,1,1.000,0.4080,-0.0003,-0.0076,8.64,0.00,1791429642.401094,4,1,0.0
replay_assignment5_success_20261008_121732_20261008_123331,1791429642.315809,camera_color_optical_frame,184,640,480,1,323.9,233.8,0.0123,-0.0259,0.01166,2,1,1.000,0.4090,-0.0003,-0.0077,9.01,0.00,1791429642.451118,4,2,0.0
replay_assignment5_success_20261008_121732_20261008_123331,1791429642.349158,camera_color_optical_frame,185,640,480,1,323.9,233.8,0.0123,-0.0258,0.01164,2,1,1.000,0.4090,-0.0003,-0.0076,10.03,0.00,1791429642.476562,4,2,0.0
replay_assignment5_success_20261008_121732_20261008_123331,1791429642.382507,camera_color_optical_frame,186,640,480,1,323.9,233.7,0.0122,-0.0260,0.01167,2,1,1.000,0.4085,-0.0003,-0.0077,8.80,0.00,1791429642.501106,4,1,0.0
replay_assignment5_success_20261008_121732_20261008_123331,1791429642.415857,camera_color_optical_frame,187,640,480,1,323.9,233.8,0.0123,-0.0259,0.01165,2,1,1.000,0.4080,-0.0003,-0.0076,9.96,0.00,1791429642.551089,4,2,0.0
replay_assignment5_success_20261008_121732_20261008_123331,1791429642.449206,camera_color_optical_frame,188,640,480,1,324.0,233.8,0.0124,-0.0260,0.01167,2,1,1.000,0.4090,-0.0003,-0.0077,9.22,0.00,1791429642.576103,4,2,0.0
replay_assignment5_success_20261008_121732_20261008_123331,1791429642.482555,camera_color_optical_frame,189,640,480,1,323.9,233.8,0.0123,-0.0259,0.01168,2,1,1.000,0.4070,-0.0003,-0.0076,8.49,0.00,1791429642.626150,4,2,0.0
replay_assignment5_success_20261008_121732_20261008_123331,1791429642.515904,camera_color_optical_frame,190,640,480,1,323.9,233.8,0.0123,-0.0259,0.01168,2,1,1.000,0.4080,-0.0003,-0.0076,8.95,0.00,1791429642.651124,4,1,0.0
replay_assignment5_success_20261008_121732_20261008_123331,1791429642.549254,camera_color_optical_frame,191,640,480,1,324.0,233.8,0.0123,-0.0258,0.01167,2,1,1.000,0.4080,-0.0003,-0.0076,9.15,0.00,1791429642.676124,4,2,0.0
replay_assignment5_success_20261008_121732_20261008_123331,1791429642.582603,camera_color_optical_frame,192,640,480,1,324.0,233.8,0.0125,-0.0257,0.01165,2,1,1.000,0.4080,-0.0003,-0.0076,8.22,0.00,1791429642.726207,4,1,0.0
replay_assignment5_success_20261008_121732_20261008_123331,1791429642.615953,camera_color_optical_frame,193,640,480,1,324.0,233.9,0.0125,-0.0256,0.01163,2,1,1.000,0.4080,-0.0003,-0.0076,9.10,0.00,1791429642.751104,4,1,0.0
replay_assignment5_success_20261008_121732_20261008_123331,1791429642.649303,camera_color_optical_frame,194,640,480,1,324.0,234.0,0.0124,-0.0251,0.01162,3,1,1.000,0.4090,-0.0003,-0.0075,9.25,0.00,1791429642.801090,4,1,0.0
replay_assignment5_success_20261008_121732_20261008_123331,1791429642.682652,camera_color_optical_frame,195,640,480,1,324.0,234.0,0.0124,-0.0248,0.01159,2,1,1.000,0.4090,-0.0003,-0.0075,8.77,0.00,1791429642.829289,4,2,0.0
replay_assignment5_success_20261008_121732_20261008_123331,1791429642.716002,camera_color_optical_frame,196,640,480,1,324.0,234.3,0.0125,-0.0237,0.01151,2,1,1.000,0.4080,-0.0003,-0.0073,9.35,0.00,1791429642.851123,4,1,0.0
replay_assignment5_success_20261008_121732_20261008_123331,1791429642.749352,camera_color_optical_frame,197,640,480,1,324.0,234.7,0.0124,-0.0222,0.01142,2,1,1.000,0.4090,-0.0003,-0.0071,9.74,0.00,1791429642.901100,4,1,0.0
replay_assignment5_success_20261008_121732_20261008_123331,1791429642.782702,camera_color_optical_frame,198,640,480,1,323.9,234.9,0.0123,-0.0212,0.01135,2,1,1.000,0.4100,-0.0003,-0.0069,9.64,0.00,1791429642.926096,4,2,0.0
replay_assignment5_success_20261008_121732_20261008_123331,1791429642.816052,camera_color_optical_frame,199,640,480,1,324.0,235.4,0.0124,-0.0192,0.01120,2,1,0.999,0.4100,-0.0003,-0.0066,9.49,0.00,1791429642.951467,4,2,0.0
replay_assignment5_success_20261008_121732_20261008_123331,1791429642.849402,camera_color_optical_frame,200,640,480,1,323.9,235.5,0.0121,-0.0188,0.01117,2,1,1.000,0.4090,-0.0003,-0.0065,8.49,0.00,1791429643.001104,4,2,0.0
replay_assignment5_success_20261008_121732_20261008_123331,1791429642.882753,camera_color_optical_frame,201,640,480,1,323.7,235.6,0.0117,-0.0184,0.01112,2,1,1.000,0.4090,-0.0004,-0.0065,14.32,0.00,1791429643.026116,4,1,0.0
replay_assignment5_success_20261008_121732_20261008_123331,1791429642.916103,camera_color_optical_frame,202,640,480,1,323.7,235.7,0.0114,-0.0180,0.01108,2,1,1.000,0.4090,-0.0005,-0.0064,19.21,0.00,1791429643.076210,4,2,0.0
replay_assignment5_success_20261008_121732_20261008_123331,1791429642.949453,camera_color_optical_frame,203,640,480,1,323.7,236.3,0.0115,-0.0152,0.01091,2,1,1.000,0.4090,-0.0005,-0.0059,18.60,0.00,1791429643.101352,4,1,0.0
replay_assignment5_success_20261008_121732_20261008_123331,1791429642.982804,camera_color_optical_frame,204,640,480,1,323.6,236.3,0.0111,-0.0154,0.01092,3,1,1.000,0.4100,-0.0005,-0.0060,20.69,0.00,1791429643.152863,4,0,0.0
replay_assignment5_success_20261008_121732_20261008_123331,1791429643.016155,camera_color_optical_frame,205,640,480,1,323.7,236.3,0.0115,-0.0153,0.01093,2,1,1.000,0.4090,-0.0005,-0.0059,20.59,0.00,1791429643.176286,4,2,0.0
replay_assignment5_success_20261008_121732_20261008_123331,1791429643.049505,camera_color_optical_frame,206,640,480,1,323.7,236.3,0.0115,-0.0154,0.01093,2,1,1.000,0.4090,-0.0005,-0.0060,10.94,0.00,1791429643.231307,4,2,0.0
replay_assignment5_success_20261008_121732_20261008_123331,1791429643.082856,camera_color_optical_frame,207,640,480,1,323.5,236.2,0.0111,-0.0157,0.01093,2,1,1.000,0.4100,-0.0006,-0.0060,9.08,0.00,1791429643.251093,4,2,0.0
replay_assignment5_success_20261008_121732_20261008_123331,1791429643.116207,camera_color_optical_frame,208,640,480,1,323.5,236.4,0.0110,-0.0152,0.01089,2,1,1.000,0.4090,-0.0006,-0.0059,8.88,0.00,1791429643.276177,4,2,0.0
replay_assignment5_success_20261008_121732_20261008_123331,1791429643.349658,camera_color_optical_frame,209,640,480,1,323.6,236.3,0.0112,-0.0156,0.01092,3,0,,,,,6.55,200.07,1791429643.476094,4,0,0.0
replay_assignment5_success_20261008_121732_20261008_123331,1791429643.383003,camera_color_optical_frame,210,640,480,1,323.6,236.4,0.0112,-0.0152,0.01090,3,0,,,,,10.93,233.42,1791429643.551089,4,0,0.0
replay_assignment5_success_20261008_121732_20261008_123331,1791429643.416348,camera_color_optical_frame,211,640,480,1,323.6,236.4,0.0113,-0.0151,0.01090,4,0,,,,,9.91,266.76,1791429643.601176,4,0,0.0
replay_assignment5_success_20261008_121732_20261008_123331,1791429643.449692,camera_color_optical_frame,212,640,480,1,323.6,236.4,0.0111,-0.0150,0.01088,4,0,,,,,11.83,300.11,1791429643.656576,4,0,0.0
replay_assignment5_success_20261008_121732_20261008_123331,1791429643.483037,camera_color_optical_frame,213,640,480,1,323.5,236.5,0.0110,-0.0147,0.01087,3,0,,,,,9.38,333.45,1791429643.676328,4,0,0.0
replay_assignment5_success_20261008_121732_20261008_123331,1791429643.516381,camera_color_optical_frame,214,640,480,1,323.5,236.7,0.0111,-0.0137,0.01079,4,0,,,,,10.76,366.80,1791429643.701404,4,0,0.0
replay_assignment5_success_20261008_121732_20261008_123331,1791429643.583070,camera_color_optical_frame,215,640,480,1,323.5,236.4,0.0109,-0.0151,0.01090,4,0,,,,,6.76,433.48,1791429643.776127,4,0,0.0
replay_assignment5_success_20261008_121732_20261008_123331,1791429643.616413,camera_color_optical_frame,216,640,480,1,323.5,236.3,0.0110,-0.0152,0.01089,4,0,,,,,7.60,466.83,1791429643.901130,4,0,0.0
replay_assignment5_success_20261008_121732_20261008_123331,1791429644.016526,camera_color_optical_frame,217,640,480,1,323.6,236.3,0.0111,-0.0153,0.01091,2,1,1.000,0.4100,-0.0006,-0.0060,10.42,0.00,1791429644.151404,4,1,0.0
replay_assignment5_success_20261008_121732_20261008_123331,1791429644.049867,camera_color_optical_frame,218,640,480,1,323.7,236.1,0.0116,-0.0164,0.01095,2,1,1.000,0.4090,-0.0004,-0.0061,10.12,0.00,1791429644.201175,4,1,0.0
replay_assignment5_success_20261008_121732_20261008_123331,1791429644.083209,camera_color_optical_frame,219,640,480,1,323.6,236.1,0.0112,-0.0162,0.01095,2,1,1.000,0.4090,-0.0005,-0.0061,9.09,0.00,1791429644.226137,4,1,0.0
replay_assignment5_success_20261008_121732_20261008_123331,1791429644.116550,camera_color_optical_frame,220,640,480,1,323.6,236.3,0.0112,-0.0153,0.01093,2,1,1.000,0.4090,-0.0005,-0.0060,9.18,0.00,1791429644.276178,4,1,0.0
replay_assignment5_success_20261008_121732_20261008_123331,1791429644.149891,camera_color_optical_frame,221,640,480,1,323.6,236.1,0.0114,-0.0161,0.01099,2,1,1.000,0.4100,-0.0005,-0.0061,8.84,0.00,1791429644.326146,4,2,0.0
replay_assignment5_success_20261008_121732_20261008_123331,1791429644.183165,camera_color_optical_frame,222,640,480,1,323.6,236.3,0.0114,-0.0152,0.01090,2,1,1.000,0.4090,-0.0005,-0.0059,9.77,0.00,1791429644.376306,4,1,0.0
replay_assignment5_success_20261008_121732_20261008_123331,1791429644.216532,camera_color_optical_frame,223,640,480,1,323.7,235.9,0.0117,-0.0171,0.01102,4,0,,,,,7.40,33.37,1791429644.401135,4,0,0.0
replay_assignment5_success_20261008_121732_20261008_123331,1791429644.249900,camera_color_optical_frame,224,640,480,1,323.6,236.2,0.0112,-0.0160,0.01094,3,0,,,,,6.48,66.74,1791429644.426091,4,0,0.0
replay_assignment5_success_20261008_121732_20261008_123331,1791429644.283268,camera_color_optical_frame,225,640,480,1,323.7,236.2,0.0115,-0.0157,0.01096,3,0,,,,,6.38,100.10,1791429644.451209,4,0,0.0
replay_assignment5_success_20261008_121732_20261008_123331,1791429644.350005,camera_color_optical_frame,226,640,480,1,323.7,236.0,0.0116,-0.0168,0.01102,3,0,,,,,7.52,166.84,1791429644.476200,4,0,0.0
replay_assignment5_success_20261008_121732_20261008_123331,1791429644.383373,camera_color_optical_frame,227,640,480,1,323.7,235.8,0.0117,-0.0175,0.01109,3,0,,,,,7.25,200.21,1791429644.501102,4,0,0.0
replay_assignment5_success_20261008_121732_20261008_123331,1791429644.416741,camera_color_optical_frame,228,640,480,1,323.8,236.1,0.0117,-0.0163,0.01098,3,0,,,,,6.74,233.58,1791429644.551137,4,0,0.0
replay_assignment5_success_20261008_121732_20261008_123331,1791429644.450110,camera_color_optical_frame,229,640,480,1,323.7,235.7,0.0115,-0.0177,0.01105,3,1,1.000,0.4090,-0.0005,-0.0063,9.66,0.00,1791429644.576195,4,1,0.0
replay_assignment5_success_20261008_121732_20261008_123331,1791429644.483479,camera_color_optical_frame,230,640,480,1,323.7,235.8,0.0115,-0.0173,0.01104,2,1,1.000,0.4090,-0.0005,-0.0063,9.08,0.00,1791429644.601600,4,2,0.0
replay_assignment5_success_20261008_121732_20261008_123331,1791429644.516848,camera_color_optical_frame,231,640,480,1,323.7,235.9,0.0115,-0.0171,0.01105,2,1,1.000,0.4090,-0.0005,-0.0062,8.68,0.00,1791429644.651099,4,2,0.0
replay_assignment5_success_20261008_121732_20261008_123331,1791429644.550218,camera_color_optical_frame,232,640,480,1,323.6,236.0,0.0113,-0.0167,0.01100,2,1,1.000,0.4090,-0.0005,-0.0062,9.06,0.00,1791429644.701130,4,1,0.0
replay_assignment5_success_20261008_121732_20261008_123331,1791429644.583587,camera_color_optical_frame,233,640,480,1,323.8,235.8,0.0119,-0.0177,0.01109,3,1,1.000,0.4100,-0.0004,-0.0063,10.40,0.00,1791429644.801193,4,0,0.0
replay_assignment5_success_20261008_121732_20261008_123331,1791429644.616956,camera_color_optical_frame,234,640,480,1,323.7,235.9,0.0117,-0.0173,0.01106,2,1,1.000,0.4100,-0.0004,-0.0063,8.74,0.00,1791429644.826113,4,1,0.0
replay_assignment5_success_20261008_121732_20261008_123331,1791429644.650326,camera_color_optical_frame,235,640,480,1,323.8,235.8,0.0118,-0.0174,0.01105,2,1,1.000,0.4090,-0.0004,-0.0063,8.81,0.00,1791429644.876114,4,2,0.0
replay_assignment5_success_20261008_121732_20261008_123331,1791429644.683697,camera_color_optical_frame,236,640,480,1,323.7,235.7,0.0116,-0.0177,0.01109,3,1,1.000,0.4090,-0.0004,-0.0063,9.48,0.00,1791429644.901118,4,0,0.0
replay_assignment5_success_20261008_121732_20261008_123331,1791429644.717067,camera_color_optical_frame,237,640,480,1,323.7,236.6,0.0116,-0.0143,0.01088,2,1,1.000,0.4090,-0.0004,-0.0058,9.26,0.00,1791429645.001097,4,1,0.0
replay_assignment5_success_20261008_121732_20261008_123331,1791429644.783807,camera_color_optical_frame,238,640,480,1,323.7,235.9,0.0117,-0.0172,0.01104,2,1,1.000,0.4090,-0.0004,-0.0063,8.99,0.00,1791429645.126092,4,2,0.0
replay_assignment5_success_20261008_121732_20261008_123331,1791429644.917290,camera_color_optical_frame,239,640,480,1,323.8,236.2,0.0118,-0.0160,0.01098,4,0,,,,,6.84,133.48,1791429645.176089,4,0,0.0
replay_assignment5_success_20261008_121732_20261008_123331,1791429645.017405,camera_color_optical_frame,240,640,480,1,323.5,236.3,0.0111,-0.0153,0.01091,3,1,1.000,0.4100,-0.0006,-0.0060,9.40,0.00,1791429645.251136,4,1,0.0
replay_assignment5_success_20261008_121732_20261008_123331,1791429645.084148,camera_color_optical_frame,241,640,480,1,323.7,236.3,0.0116,-0.0153,0.01091,2,1,1.000,0.4100,-0.0004,-0.0060,8.79,0.00,1791429645.276106,4,2,0.0
replay_assignment5_success_20261008_121732_20261008_123331,1791429645.117521,camera_color_optical_frame,242,640,480,1,323.5,236.2,0.0111,-0.0159,0.01095,2,1,1.000,0.4100,-0.0006,-0.0061,9.27,0.00,1791429645.326112,4,2,0.0
replay_assignment5_success_20261008_121732_20261008_123331,1791429645.150892,camera_color_optical_frame,243,640,480,1,323.6,236.2,0.0114,-0.0160,0.01097,2,1,1.000,0.4090,-0.0005,-0.0061,8.35,0.00,1791429645.401124,4,1,0.0
replay_assignment5_success_20261008_121732_20261008_123331,1791429645.217636,camera_color_optical_frame,244,640,480,1,323.6,236.3,0.0114,-0.0153,0.01090,2,1,1.000,0.4090,-0.0005,-0.0060,8.35,0.00,1791429645.451105,4,1,0.0
replay_assignment5_success_20261008_121732_20261008_123331,1791429645.251009,camera_color_optical_frame,245,640,480,1,323.6,236.2,0.0112,-0.0159,0.01096,2,1,1.000,0.4090,-0.0005,-0.0060,8.74,0.00,1791429645.501172,4,2,0.0
replay_assignment5_success_20261008_121732_20261008_123331,1791429645.317754,camera_color_optical_frame,246,640,480,1,323.6,236.3,0.0113,-0.0154,0.01094,2,1,1.000,0.4100,-0.0005,-0.0060,8.95,0.00,1791429645.551086,4,1,0.0
replay_assignment5_success_20261008_121732_20261008_123331,1791429645.351126,camera_color_optical_frame,247,640,480,1,323.8,235.8,0.0118,-0.0176,0.01107,2,1,1.000,0.4090,-0.0004,-0.0063,8.82,0.00,1791429645.601109,4,2,0.0
replay_assignment5_success_20261008_121732_20261008_123331,1791429645.417871,camera_color_optical_frame,248,640,480,1,323.6,236.2,0.0113,-0.0159,0.01095,2,1,1.000,0.4090,-0.0005,-0.0060,8.51,0.00,1791429645.701100,4,1,0.0
replay_assignment5_success_20261008_121732_20261008_123331,1791429645.451244,camera_color_optical_frame,249,640,480,1,323.7,236.6,0.0114,-0.0141,0.01085,3,1,1.000,0.4100,-0.0005,-0.0058,8.80,0.00,1791429645.726130,4,1,0.0
replay_assignment5_success_20261008_121732_20261008_123331,1791429645.517990,camera_color_optical_frame,250,640,480,1,323.7,236.1,0.0116,-0.0161,0.01097,2,1,1.000,0.4090,-0.0005,-0.0061,8.88,0.00,1791429645.776155,4,2,0.0
replay_assignment5_success_20261008_121732_20261008_123331,1791429645.584737,camera_color_optical_frame,251,640,480,1,323.6,236.3,0.0111,-0.0153,0.01090,2,1,1.000,0.4090,-0.0005,-0.0060,10.21,0.00,1791429645.876099,4,2,0.0
replay_assignment5_success_20261008_121732_20261008_123331,1791429645.618110,camera_color_optical_frame,252,640,480,1,323.7,236.3,0.0114,-0.0154,0.01089,2,1,1.000,0.4090,-0.0005,-0.0060,11.07,0.00,1791429645.901358,4,1,0.0
replay_assignment5_success_20261008_121732_20261008_123331,1791429645.684857,camera_color_optical_frame,253,640,480,1,323.6,236.3,0.0111,-0.0152,0.01090,2,1,1.000,0.4090,-0.0005,-0.0059,8.46,0.00,1791429645.928298,4,2,0.0
replay_assignment5_success_20261008_121732_20261008_123331,1791429645.751604,camera_color_optical_frame,254,640,480,1,323.6,236.3,0.0111,-0.0154,0.01091,2,1,1.000,0.4090,-0.0005,-0.0060,9.19,0.00,1791429645.976113,4,1,0.0
replay_assignment5_success_20261008_121732_20261008_123331,1791429646.018598,camera_color_optical_frame,255,640,480,1,323.6,236.3,0.0113,-0.0154,0.01092,2,1,1.000,0.4100,-0.0005,-0.0060,9.51,0.00,1791429646.226096,4,1,0.0
replay_assignment5_success_20261008_121732_20261008_123331,1791429646.085347,camera_color_optical_frame,256,640,480,1,323.5,236.5,0.0111,-0.0144,0.01087,2,1,1.000,0.4100,-0.0006,-0.0058,9.42,0.00,1791429646.301136,4,2,0.0
replay_assignment5_success_20261008_121732_20261008_123331,1791429646.118721,camera_color_optical_frame,257,640,480,1,323.6,236.3,0.0111,-0.0153,0.01089,3,1,1.000,0.4100,-0.0006,-0.0060,9.44,0.00,1791429646.351099,4,1,0.0
replay_assignment5_success_20261008_121732_20261008_123331,1791429646.152064,camera_color_optical_frame,258,640,480,1,323.5,236.6,0.0111,-0.0142,0.01083,2,1,1.000,0.4090,-0.0006,-0.0058,9.36,0.00,1791429646.426131,4,2,0.0
replay_assignment5_success_20261008_121732_20261008_123331,1791429646.185406,camera_color_optical_frame,259,640,480,1,323.6,236.3,0.0114,-0.0153,0.01090,2,1,1.000,0.4090,-0.0005,-0.0060,10.54,0.00,1791429646.501112,4,1,0.0
replay_assignment5_success_20261008_121732_20261008_123331,1791429646.218749,camera_color_optical_frame,260,640,480,1,323.5,236.6,0.0111,-0.0140,0.01083,2,1,1.000,0.4090,-0.0006,-0.0057,8.27,0.00,1791429646.526149,4,1,0.0
replay_assignment5_success_20261008_121732_20261008_123331,1791429646.318776,camera_color_optical_frame,261,640,480,1,323.6,236.5,0.0112,-0.0145,0.01086,4,0,,,,,6.74,100.03,1791429646.576192,4,0,0.0
replay_assignment5_success_20261008_121732_20261008_123331,1791429646.385460,camera_color_optical_frame,262,640,480,1,323.5,236.3,0.0111,-0.0156,0.01092,4,0,,,,,7.57,166.71,1791429646.601135,4,0,0.0
replay_assignment5_success_20261008_121732_20261008_123331,1791429646.452145,camera_color_optical_frame,263,640,480,1,323.6,236.4,0.0112,-0.0149,0.01090,4,0,,,,,7.31,233.40,1791429646.626137,4,0,0.0
replay_assignment5_success_20261008_121732_20261008_123331,1791429646.485487,camera_color_optical_frame,264,640,480,1,323.6,236.4,0.0112,-0.0151,0.01090,4,0,,,,,6.41,266.74,1791429646.651632,4,0,0.0
replay_assignment5_success_20261008_121732_20261008_123331,1791429646.552171,camera_color_optical_frame,265,640,480,1,323.5,236.5,0.0111,-0.0148,0.01086,3,0,,,,,6.31,333.42,1791429646.651632,4,0,0.0
replay_assignment5_success_20261008_121732_20261008_123331,1791429646.585514,camera_color_optical_frame,266,640,480,1,323.6,236.4,0.0112,-0.0148,0.01089,3,0,,,,,7.13,366.76,1791429646.676124,4,0,0.0
replay_assignment5_success_20261008_121732_20261008_123331,1791429646.618856,camera_color_optical_frame,267,640,480,1,323.6,236.6,0.0112,-0.0143,0.01085,3,0,,,,,7.35,400.11,1791429646.726120,4,0,0.0
replay_assignment5_success_20261008_121732_20261008_123331,1791429646.652198,camera_color_optical_frame,268,640,480,1,323.6,236.3,0.0112,-0.0155,0.01092,3,0,,,,,7.38,433.45,1791429646.776106,4,0,0.0
replay_assignment5_success_20261008_121732_20261008_123331,1791429646.685540,camera_color_optical_frame,269,640,480,1,323.6,236.5,0.0112,-0.0145,0.01082,3,0,,,,,7.76,466.79,1791429646.801094,4,0,0.0
replay_assignment5_success_20261008_121732_20261008_123331,1791429646.718882,camera_color_optical_frame,270,640,480,1,323.6,236.6,0.0112,-0.0141,0.01082,3,0,,,,,7.11,500.13,1791429646.851114,4,0,0.0
replay_assignment5_success_20261008_121732_20261008_123331,1791429646.752224,camera_color_optical_frame,271,640,480,1,323.6,236.5,0.0112,-0.0148,0.01086,3,0,,,,,7.10,533.48,1791429646.876091,4,0,0.0
replay_assignment5_success_20261008_121732_20261008_123331,1791429646.785566,camera_color_optical_frame,272,640,480,1,323.6,236.2,0.0113,-0.0158,0.01093,4,0,,,,,7.76,566.82,1791429646.926113,4,0,0.0
replay_assignment5_success_20261008_121732_20261008_123331,1791429646.818908,camera_color_optical_frame,273,640,480,1,323.6,236.6,0.0111,-0.0142,0.01084,3,0,,,,,7.77,600.16,1791429646.951117,4,0,0.0
replay_assignment5_success_20261008_121732_20261008_123331,1791429646.852250,camera_color_optical_frame,274,640,480,1,323.5,236.4,0.0111,-0.0150,0.01088,4,0,,,,,7.15,633.50,1791429646.976873,4,0,0.0
replay_assignment5_success_20261008_121732_20261008_123331,1791429646.885592,camera_color_optical_frame,275,640,480,1,323.5,236.2,0.0111,-0.0156,0.01092,4,0,,,,,7.84,666.84,1791429647.001126,4,0,0.0
replay_assignment5_success_20261008_121732_20261008_123331,1791429646.918933,camera_color_optical_frame,276,640,480,1,323.6,236.5,0.0112,-0.0147,0.01089,3,0,,,,,6.95,700.18,1791429647.026101,4,0,0.0
replay_assignment5_success_20261008_121732_20261008_123331,1791429646.952275,camera_color_optical_frame,277,640,480,1,323.6,236.2,0.0114,-0.0159,0.01096,4,0,,,,,7.61,733.53,1791429647.051254,4,0,0.0
replay_assignment5_success_20261008_121732_20261008_123331,1791429646.985617,camera_color_optical_frame,278,640,480,1,323.5,236.4,0.0110,-0.0152,0.01089,3,0,,,,,7.06,766.87,1791429647.101125,4,0,0.0
replay_assignment5_success_20261008_121732_20261008_123331,1791429647.018959,camera_color_optical_frame,279,640,480,1,323.5,236.4,0.0110,-0.0149,0.01087,3,0,,,,,7.72,800.21,1791429647.126128,4,0,0.0
replay_assignment5_success_20261008_121732_20261008_123331,1791429647.052301,camera_color_optical_frame,280,640,480,1,323.6,236.8,0.0113,-0.0133,0.01079,3,0,,,,,6.82,833.55,1791429647.151119,4,0,0.0
replay_assignment5_success_20261008_121732_20261008_123331,1791429647.085642,camera_color_optical_frame,281,640,480,1,323.5,236.4,0.0110,-0.0149,0.01088,4,0,,,,,7.61,866.89,1791429647.176112,4,0,0.0
replay_assignment5_success_20261008_121732_20261008_123331,1791429647.118984,camera_color_optical_frame,282,640,480,1,323.6,236.4,0.0112,-0.0149,0.01086,3,0,,,,,6.94,900.24,1791429647.201122,4,0,0.0
replay_assignment5_success_20261008_121732_20261008_123331,1791429647.152342,camera_color_optical_frame,283,640,480,1,323.6,236.4,0.0112,-0.0152,0.01089,2,1,1.000,0.4100,-0.0005,-0.0059,8.71,0.00,1791429647.276135,4,1,0.0
replay_assignment5_success_20261008_121732_20261008_123331,1791429647.185699,camera_color_optical_frame,284,640,480,1,323.6,236.6,0.0111,-0.0143,0.01086,2,1,1.000,0.4090,-0.0005,-0.0058,9.22,0.00,1791429647.326129,4,1,0.0
replay_assignment5_success_20261008_121732_20261008_123331,1791429647.219032,camera_color_optical_frame,285,640,480,1,323.6,236.5,0.0112,-0.0147,0.01087,2,1,1.000,0.4100,-0.0005,-0.0059,9.74,0.00,1791429647.401157,4,2,0.0
replay_assignment5_success_20261008_121732_20261008_123331,1791429647.252402,camera_color_optical_frame,286,640,480,1,323.7,236.7,0.0115,-0.0137,0.01078,2,1,1.000,0.4100,-0.0005,-0.0057,8.50,0.00,1791429647.451248,4,1,0.0
replay_assignment5_success_20261008_121732_20261008_123331,1791429647.285771,camera_color_optical_frame,287,640,480,1,323.5,236.5,0.0111,-0.0148,0.01088,2,1,1.000,0.4090,-0.0006,-0.0059,12.13,0.00,1791429647.526089,4,2,0.0
replay_assignment5_success_20261008_121732_20261008_123331,1791429647.319141,camera_color_optical_frame,288,640,480,1,323.6,236.5,0.0111,-0.0145,0.01087,2,1,1.000,0.4100,-0.0005,-0.0058,8.65,0.00,1791429647.551113,4,1,0.0
replay_assignment5_success_20261008_121732_20261008_123331,1791429647.352511,camera_color_optical_frame,289,640,480,1,323.5,236.4,0.0110,-0.0150,0.01090,2,1,1.000,0.4100,-0.0006,-0.0059,10.77,0.00,1791429647.626116,4,2,0.0
replay_assignment5_success_20261008_121732_20261008_123331,1791429647.419250,camera_color_optical_frame,290,640,480,1,323.5,236.7,0.0110,-0.0139,0.01081,2,1,1.000,0.4100,-0.0006,-0.0057,9.37,0.00,1791429647.651132,4,1,0.0
replay_assignment5_success_20261008_121732_20261008_123331,1791429647.452621,camera_color_optical_frame,291,640,480,1,323.6,236.5,0.0114,-0.0147,0.01091,2,1,1.000,0.4090,-0.0005,-0.0059,9.14,0.00,1791429647.701236,4,1,0.0
replay_assignment5_success_20261008_121732_20261008_123331,1791429647.519360,camera_color_optical_frame,292,640,480,1,323.6,236.3,0.0112,-0.0155,0.01093,2,1,1.000,0.4100,-0.0005,-0.0060,10.07,0.00,1791429647.776093,4,2,0.0
replay_assignment5_success_20261008_121732_20261008_123331,1791429647.586100,camera_color_optical_frame,293,640,480,1,323.6,236.6,0.0114,-0.0141,0.01085,2,1,1.000,0.4100,-0.0005,-0.0058,11.15,0.00,1791429647.826089,4,2,0.0
replay_assignment5_success_20261008_121732_20261008_123331,1791429647.619470,camera_color_optical_frame,294,640,480,1,323.6,236.3,0.0114,-0.0156,0.01092,3,1,1.000,0.4100,-0.0005,-0.0060,10.87,0.00,1791429647.901088,4,0,0.0
replay_assignment5_success_20261008_121732_20261008_123331,1791429647.686209,camera_color_optical_frame,295,640,480,1,323.5,236.5,0.0110,-0.0147,0.01087,2,1,1.000,0.4100,-0.0006,-0.0059,8.21,0.00,1791429647.926140,4,1,0.0
replay_assignment5_success_20261008_121732_20261008_123331,1791429647.719579,camera_color_optical_frame,296,640,480,1,323.6,236.7,0.0113,-0.0138,0.01079,2,1,1.000,0.4090,-0.0005,-0.0057,8.14,0.00,1791429647.976084,4,1,0.0
replay_assignment5_success_20261008_121732_20261008_123331,1791429647.786319,camera_color_optical_frame,297,640,480,1,323.6,236.4,0.0113,-0.0148,0.01087,2,1,1.000,0.4090,-0.0005,-0.0059,8.74,0.00,1791429648.051094,4,1,0.0
replay_assignment5_success_20261008_121732_20261008_123331,1791429647.819688,camera_color_optical_frame,298,640,480,1,323.6,236.4,0.0112,-0.0150,0.01089,2,1,1.000,0.4100,-0.0005,-0.0059,8.96,0.00,1791429648.101176,4,1,0.0
replay_assignment5_success_20261008_121732_20261008_123331,1791429647.886428,camera_color_optical_frame,299,640,480,1,323.6,236.2,0.0111,-0.0159,0.01095,2,1,1.000,0.4100,-0.0006,-0.0061,9.79,0.00,1791429648.176109,4,1,0.0
replay_assignment5_success_20261008_121732_20261008_123331,1791429647.919798,camera_color_optical_frame,300,640,480,1,323.5,236.3,0.0110,-0.0154,0.01092,3,0,,,,,6.86,33.37,1791429648.226099,4,0,0.0
replay_assignment5_success_20261008_121732_20261008_123331,1791429648.019907,camera_color_optical_frame,301,640,480,1,323.6,236.6,0.0111,-0.0143,0.01084,3,0,,,,,6.60,133.48,1791429648.276126,4,0,0.0
replay_assignment5_success_20261008_121732_20261008_123331,1791429648.086647,camera_color_optical_frame,302,640,480,1,323.7,236.4,0.0115,-0.0150,0.01090,4,0,,,,,6.81,200.22,1791429648.301110,4,0,0.0
replay_assignment5_success_20261008_121732_20261008_123331,1791429648.153387,camera_color_optical_frame,303,640,480,1,323.7,236.5,0.0115,-0.0144,0.01084,4,0,,,,,6.51,266.96,1791429648.326240,4,0,0.0
replay_assignment5_success_20261008_121732_20261008_123331,1791429648.220140,camera_color_optical_frame,304,640,480,1,323.6,236.7,0.0112,-0.0138,0.01080,3,0,,,,,7.25,333.71,1791429648.326240,4,0,0.0
replay_assignment5_success_20261008_121732_20261008_123331,1791429648.253517,camera_color_optical_frame,305,640,480,1,323.6,236.5,0.0113,-0.0147,0.01086,4,0,,,,,6.74,367.09,1791429648.354920,4,0,0.0
replay_assignment5_success_20261008_121732_20261008_123331,1791429648.286895,camera_color_optical_frame,306,640,480,1,323.5,236.4,0.0110,-0.0150,0.01088,3,0,,,,,7.02,400.47,1791429648.376167,4,0,0.0
replay_assignment5_success_20261008_121732_20261008_123331,1791429648.320271,camera_color_optical_frame,307,640,480,1,323.6,236.6,0.0113,-0.0143,0.01083,3,0,,,,,7.20,433.84,1791429648.401365,4,0,0.0
replay_assignment5_success_20261008_121732_20261008_123331,1791429648.353648,camera_color_optical_frame,308,640,480,1,323.6,236.6,0.0113,-0.0142,0.01083,3,0,,,,,6.95,467.22,1791429648.426398,4,0,0.0
replay_assignment5_success_20261008_121732_20261008_123331,1791429648.387025,camera_color_optical_frame,309,640,480,1,323.5,236.4,0.0110,-0.0149,0.01089,4,0,,,,,7.66,500.60,1791429648.451114,4,0,0.0
replay_assignment5_success_20261008_121732_20261008_123331,1791429648.420402,camera_color_optical_frame,310,640,480,1,323.6,236.4,0.0112,-0.0149,0.01085,2,1,1.000,0.4090,-0.0005,-0.0059,10.87,0.00,1791429648.526162,4,1,0.0
replay_assignment5_success_20261008_121732_20261008_123331,1791429648.453779,camera_color_optical_frame,311,640,480,1,323.5,236.5,0.0111,-0.0145,0.01083,3,1,1.000,0.4100,-0.0006,-0.0058,9.41,0.00,1791429648.551818,4,0,0.0
replay_assignment5_success_20261008_121732_20261008_123331,1791429648.487156,camera_color_optical_frame,312,640,480,1,323.6,236.4,0.0112,-0.0152,0.01086,3,1,1.000,0.4100,-0.0005,-0.0059,9.22,0.00,1791429648.601113,4,0,0.0
replay_assignment5_success_20261008_121732_20261008_123331,1791429648.520533,camera_color_optical_frame,313,640,480,1,323.7,236.5,0.0115,-0.0145,0.01087,3,1,1.000,0.4100,-0.0005,-0.0058,10.05,0.00,1791429648.651322,4,0,0.0
replay_assignment5_success_20261008_121732_20261008_123331,1791429648.553910,camera_color_optical_frame,314,640,480,1,323.6,236.2,0.0111,-0.0156,0.01095,2,1,1.000,0.4100,-0.0005,-0.0060,8.87,0.00,1791429648.701118,4,1,0.0
replay_assignment5_success_20261008_121732_20261008_123331,1791429648.587287,camera_color_optical_frame,315,640,480,1,323.6,236.5,0.0112,-0.0145,0.01085,2,1,1.000,0.4090,-0.0005,-0.0058,8.85,0.00,1791429648.726111,4,1,0.0
replay_assignment5_success_20261008_121732_20261008_123331,1791429648.620664,camera_color_optical_frame,316,640,480,1,323.6,236.5,0.0113,-0.0146,0.01084,2,1,1.000,0.4090,-0.0005,-0.0058,9.61,0.00,1791429648.776219,4,1,0.0
replay_assignment5_success_20261008_121732_20261008_123331,1791429648.654042,camera_color_optical_frame,317,640,480,1,323.6,236.6,0.0113,-0.0142,0.01081,2,1,1.000,0.4090,-0.0005,-0.0058,8.74,0.00,1791429648.826113,4,1,0.0
replay_assignment5_success_20261008_121732_20261008_123331,1791429648.687418,camera_color_optical_frame,318,640,480,1,323.5,236.4,0.0111,-0.0149,0.01089,2,1,1.000,0.4100,-0.0006,-0.0059,8.83,0.00,1791429648.901247,4,2,0.0
replay_assignment5_success_20261008_121732_20261008_123331,1791429648.720795,camera_color_optical_frame,319,640,480,1,323.6,236.5,0.0111,-0.0144,0.01086,2,1,1.000,0.4100,-0.0005,-0.0058,9.37,0.00,1791429648.951081,4,2,0.0
replay_assignment5_success_20261008_121732_20261008_123331,1791429648.754173,camera_color_optical_frame,320,640,480,1,323.5,236.6,0.0110,-0.0144,0.01085,2,1,1.000,0.4100,-0.0006,-0.0058,9.00,0.00,1791429649.026140,4,1,0.0
replay_assignment5_success_20261008_121732_20261008_123331,1791429648.820927,camera_color_optical_frame,321,640,480,1,323.5,236.5,0.0110,-0.0147,0.01088,2,1,1.000,0.4100,-0.0006,-0.0059,8.51,0.00,1791429649.051111,4,1,0.0
replay_assignment5_success_20261008_121732_20261008_123331,1791429648.854304,camera_color_optical_frame,322,640,480,1,323.6,236.3,0.0111,-0.0153,0.01090,2,1,1.000,0.4100,-0.0005,-0.0060,9.73,0.00,1791429649.126090,4,1,0.0
replay_assignment5_success_20261008_121732_20261008_123331,1791429648.921058,camera_color_optical_frame,323,640,480,1,323.5,236.2,0.0111,-0.0158,0.01091,2,1,1.000,0.4100,-0.0006,-0.0060,9.47,0.00,1791429649.201142,4,1,0.0
replay_assignment5_success_20261008_121732_20261008_123331,1791429648.987812,camera_color_optical_frame,324,640,480,1,323.5,236.5,0.0109,-0.0148,0.01085,2,1,1.000,0.4090,-0.0006,-0.0059,9.24,0.00,1791429649.276165,4,2,0.0
replay_assignment5_success_20261008_121732_20261008_123331,1791429649.021189,camera_color_optical_frame,325,640,480,1,323.6,236.6,0.0112,-0.0143,0.01085,3,1,1.000,0.4100,-0.0005,-0.0058,9.57,0.00,1791429649.326187,4,1,0.0
replay_assignment5_success_20261008_121732_20261008_123331,1791429649.087944,camera_color_optical_frame,326,640,480,1,323.6,236.1,0.0113,-0.0161,0.01094,2,1,1.000,0.4100,-0.0005,-0.0061,8.50,0.00,1791429649.376333,4,2,0.0
replay_assignment5_success_20261008_121732_20261008_123331,1791429649.154662,camera_color_optical_frame,327,640,480,1,323.6,236.4,0.0111,-0.0149,0.01088,2,1,1.000,0.4100,-0.0006,-0.0059,8.47,0.00,1791429649.426138,4,1,0.0
replay_assignment5_success_20261008_121732_20261008_123331,1791429649.221381,camera_color_optical_frame,328,640,480,1,323.5,236.4,0.0110,-0.0148,0.01087,2,1,1.000,0.4100,-0.0006,-0.0059,10.47,0.00,1791429649.451204,4,1,0.0
replay_assignment5_success_20261008_121732_20261008_123331,1791429649.288100,camera_color_optical_frame,329,640,480,1,323.7,236.3,0.0115,-0.0156,0.01094,4,0,,,,,7.67,66.72,1791429649.526175,4,0,0.0
replay_assignment5_success_20261008_121732_20261008_123331,1791429649.321459,camera_color_optical_frame,330,640,480,1,323.5,236.4,0.0108,-0.0149,0.01087,2,1,1.000,0.4100,-0.0006,-0.0059,9.49,0.00,1791429649.551128,4,2,0.0
replay_assignment5_success_20261008_121732_20261008_123331,1791429649.388177,camera_color_optical_frame,331,640,480,1,323.6,236.4,0.0112,-0.0151,0.01090,3,0,,,,,6.57,66.72,1791429649.626096,4,0,0.0
replay_assignment5_success_20261008_121732_20261008_123331,1791429649.421537,camera_color_optical_frame,332,640,480,1,323.6,236.5,0.0112,-0.0147,0.01087,2,1,1.000,0.4100,-0.0005,-0.0059,9.11,0.00,1791429649.676142,4,2,0.0
replay_assignment5_success_20261008_121732_20261008_123331,1791429649.488255,camera_color_optical_frame,333,640,480,1,323.6,236.5,0.0113,-0.0147,0.01085,2,1,1.000,0.4100,-0.0005,-0.0059,8.82,0.00,1791429649.751153,4,1,0.0
replay_assignment5_success_20261008_121732_20261008_123331,1791429649.521614,camera_color_optical_frame,334,640,480,1,323.6,236.4,0.0112,-0.0151,0.01089,2,1,1.000,0.4100,-0.0005,-0.0059,9.14,0.00,1791429649.776201,4,1,0.0
replay_assignment5_success_20261008_121732_20261008_123331,1791429649.588332,camera_color_optical_frame,335,640,480,1,323.6,236.5,0.0112,-0.0147,0.01087,2,1,1.000,0.4100,-0.0005,-0.0059,9.06,0.00,1791429649.876272,4,2,0.0
replay_assignment5_success_20261008_121732_20261008_123331,1791429649.621691,camera_color_optical_frame,336,640,480,1,323.6,236.7,0.0111,-0.0138,0.01079,2,1,1.000,0.4100,-0.0005,-0.0057,9.26,0.00,1791429649.901105,4,1,0.0
replay_assignment5_success_20261008_121732_20261008_123331,1791429649.688410,camera_color_optical_frame,337,640,480,1,323.6,236.3,0.0111,-0.0154,0.01092,2,1,1.000,0.4100,-0.0005,-0.0060,9.30,0.00,1791429649.926106,4,2,0.0
replay_assignment5_success_20261008_121732_20261008_123331,1791429649.755128,camera_color_optical_frame,338,640,480,1,323.6,236.4,0.0113,-0.0150,0.01087,2,1,1.000,0.4090,-0.0005,-0.0059,8.85,0.00,1791429649.976088,4,1,0.0
replay_assignment5_success_20261008_121732_20261008_123331,1791429649.788487,camera_color_optical_frame,339,640,480,1,323.7,236.5,0.0116,-0.0145,0.01081,2,1,1.000,0.4090,-0.0004,-0.0058,9.45,0.00,1791429650.051108,4,1,0.0
replay_assignment5_success_20261008_121732_20261008_123331,1791429649.855205,camera_color_optical_frame,340,640,480,1,323.7,236.6,0.0116,-0.0140,0.01079,2,1,1.000,0.4100,-0.0005,-0.0058,9.00,0.00,1791429650.101089,4,2,0.0
replay_assignment5_success_20261008_121732_20261008_123331,1791429649.888564,camera_color_optical_frame,341,640,480,1,323.5,236.4,0.0109,-0.0150,0.01088,2,1,1.000,0.4100,-0.0006,-0.0059,9.07,0.00,1791429650.151724,4,1,0.0
replay_assignment5_success_20261008_121732_20261008_123331,1791429649.955281,camera_color_optical_frame,342,640,480,1,323.5,236.4,0.0110,-0.0150,0.01089,2,1,1.000,0.4090,-0.0006,-0.0059,8.24,0.00,1791429650.226099,4,1,0.0
replay_assignment5_success_20261008_121732_20261008_123331,1791429649.988640,camera_color_optical_frame,343,640,480,1,323.6,236.5,0.0111,-0.0147,0.01086,2,1,1.000,0.4100,-0.0005,-0.0059,9.71,0.00,1791429650.251106,4,2,0.0
replay_assignment5_success_20261008_121732_20261008_123331,1791429650.055358,camera_color_optical_frame,344,640,480,1,323.7,236.4,0.0114,-0.0150,0.01089,2,1,1.000,0.4090,-0.0005,-0.0059,9.59,0.00,1791429650.326123,4,2,0.0
replay_assignment5_success_20261008_121732_20261008_123331,1791429650.122094,camera_color_optical_frame,345,640,480,1,323.6,236.3,0.0111,-0.0152,0.01091,3,1,1.000,0.4090,-0.0005,-0.0059,8.71,0.00,1791429650.376085,4,0,0.0
replay_assignment5_success_20261008_121732_20261008_123331,1791429650.155447,camera_color_optical_frame,346,640,480,1,323.6,236.5,0.0113,-0.0146,0.01086,2,1,1.000,0.4090,-0.0005,-0.0058,8.19,0.00,1791429650.426299,4,1,0.0
replay_assignment5_success_20261008_121732_20261008_123331,1791429650.222153,camera_color_optical_frame,347,640,480,1,323.5,236.4,0.0110,-0.0150,0.01089,2,1,1.000,0.4090,-0.0006,-0.0059,11.95,0.00,1791429650.501098,4,1,0.0
replay_assignment5_success_20261008_121732_20261008_123331,1791429650.255507,camera_color_optical_frame,348,640,480,1,323.5,236.6,0.0110,-0.0142,0.01085,2,1,1.000,0.4100,-0.0006,-0.0058,9.15,0.00,1791429650.526158,4,1,0.0
replay_assignment5_success_20261008_121732_20261008_123331,1791429650.355566,camera_color_optical_frame,349,640,480,1,323.6,236.6,0.0113,-0.0143,0.01085,2,1,1.000,0.4100,-0.0005,-0.0058,8.91,0.00,1791429650.576109,4,2,0.0
replay_assignment5_success_20261008_121732_20261008_123331,1791429650.388920,camera_color_optical_frame,350,640,480,1,323.6,236.6,0.0114,-0.0143,0.01082,2,1,1.000,0.4100,-0.0005,-0.0058,9.68,0.00,1791429650.651100,4,1,0.0
replay_assignment5_success_20261008_121732_20261008_123331,1791429650.455626,camera_color_optical_frame,351,640,480,1,323.6,236.5,0.0112,-0.0145,0.01085,2,1,1.000,0.4100,-0.0005,-0.0058,9.05,0.00,1791429650.701230,4,1,0.0
replay_assignment5_success_20261008_121732_20261008_123331,1791429650.488979,camera_color_optical_frame,352,640,480,1,323.7,236.6,0.0115,-0.0143,0.01087,2,1,1.000,0.4100,-0.0005,-0.0058,9.16,0.00,1791429650.751123,4,2,0.0
replay_assignment5_success_20261008_121732_20261008_123331,1791429650.555686,camera_color_optical_frame,353,640,480,1,323.6,236.5,0.0113,-0.0145,0.01083,2,1,1.000,0.4090,-0.0005,-0.0058,9.24,0.00,1791429650.801094,4,1,0.0
replay_assignment5_success_20261008_121732_20261008_123331,1791429650.622393,camera_color_optical_frame,354,640,480,1,323.6,236.6,0.0114,-0.0144,0.01083,3,1,1.000,0.4100,-0.0005,-0.0058,9.67,0.00,1791429650.851091,4,0,0.0
replay_assignment5_success_20261008_121732_20261008_123331,1791429650.655746,camera_color_optical_frame,355,640,480,1,323.6,236.2,0.0113,-0.0159,0.01091,3,1,1.000,0.4090,-0.0005,-0.0060,8.61,0.00,1791429650.901105,4,0,0.0
replay_assignment5_success_20261008_121732_20261008_123331,1791429650.722453,camera_color_optical_frame,356,640,480,1,323.6,236.1,0.0113,-0.0161,0.01097,3,1,1.000,0.4090,-0.0005,-0.0061,11.08,0.00,1791429650.951118,4,0,0.0
replay_assignment5_success_20261008_121732_20261008_123331,1791429650.755806,camera_color_optical_frame,357,640,480,1,323.6,236.5,0.0112,-0.0145,0.01085,3,1,1.000,0.4100,-0.0005,-0.0058,8.33,0.00,1791429651.001107,4,0,0.0
replay_assignment5_success_20261008_121732_20261008_123331,1791429650.822512,camera_color_optical_frame,358,640,480,1,323.6,236.5,0.0111,-0.0147,0.01089,2,1,1.000,0.4100,-0.0005,-0.0059,9.04,0.00,1791429651.026085,4,1,0.0
replay_assignment5_success_20261008_121732_20261008_123331,1791429650.855866,camera_color_optical_frame,359,640,480,1,323.6,236.4,0.0112,-0.0151,0.01088,2,1,1.000,0.4100,-0.0005,-0.0059,9.11,0.00,1791429651.076127,4,2,0.0
replay_assignment5_success_20261008_121732_20261008_123331,1791429650.922573,camera_color_optical_frame,360,640,480,1,323.6,236.4,0.0112,-0.0151,0.01085,2,1,1.000,0.4100,-0.0005,-0.0059,9.15,0.00,1791429651.126198,4,2,0.0
replay_assignment5_success_20261008_121732_20261008_123331,1791429650.955926,camera_color_optical_frame,361,640,480,1,323.6,236.3,0.0113,-0.0152,0.01084,3,1,1.000,0.4100,-0.0005,-0.0060,9.54,0.00,1791429651.201084,4,1,0.0
replay_assignment5_success_20261008_121732_20261008_123331,1791429650.989279,camera_color_optical_frame,362,640,480,1,323.6,236.7,0.0114,-0.0139,0.01079,2,1,1.000,0.4100,-0.0005,-0.0057,9.05,0.00,1791429651.251363,4,1,0.0
replay_assignment5_success_20261008_121732_20261008_123331,1791429651.055986,camera_color_optical_frame,363,640,480,1,323.6,236.5,0.0112,-0.0144,0.01085,2,1,1.000,0.4100,-0.0005,-0.0058,9.91,0.00,1791429651.301089,4,2,0.0
replay_assignment5_success_20261008_121732_20261008_123331,1791429651.122693,camera_color_optical_frame,364,640,480,1,323.6,236.6,0.0111,-0.0140,0.01082,2,1,1.000,0.4100,-0.0006,-0.0058,9.34,0.00,1791429651.351087,4,2,0.0
replay_assignment5_success_20261008_121732_20261008_123331,1791429651.156036,camera_color_optical_frame,365,640,480,1,323.6,236.0,0.0112,-0.0165,0.01097,2,1,1.000,0.4100,-0.0005,-0.0062,9.47,0.00,1791429651.401148,4,1,0.0
replay_assignment5_success_20261008_121732_20261008_123331,1791429651.222721,camera_color_optical_frame,366,640,480,1,323.6,236.6,0.0112,-0.0141,0.01083,2,1,1.000,0.4100,-0.0005,-0.0058,8.55,0.00,1791429651.451187,4,2,0.0
replay_assignment5_success_20261008_121732_20261008_123331,1791429651.289406,camera_color_optical_frame,367,640,480,1,323.5,236.5,0.0109,-0.0147,0.01086,2,1,0.999,0.4100,-0.0006,-0.0059,9.42,0.00,1791429651.476156,4,2,0.0
replay_assignment5_success_20261008_121732_20261008_123331,1791429651.322748,camera_color_optical_frame,368,640,480,1,323.6,236.4,0.0111,-0.0150,0.01088,2,1,1.000,0.4100,-0.0006,-0.0059,10.21,0.00,1791429651.527792,4,2,0.0
replay_assignment5_success_20261008_121732_20261008_123331,1791429651.356091,camera_color_optical_frame,369,640,480,1,323.6,236.3,0.0112,-0.0153,0.01093,2,1,1.000,0.4100,-0.0005,-0.0060,9.04,0.00,1791429651.576095,4,2,0.0
replay_assignment5_success_20261008_121732_20261008_123331,1791429651.422777,camera_color_optical_frame,370,640,480,1,323.5,236.4,0.0110,-0.0152,0.01091,2,1,1.000,0.4090,-0.0006,-0.0059,8.79,0.00,1791429651.601098,4,2,0.0
replay_assignment5_success_20261008_121732_20261008_123331,1791429651.456119,camera_color_optical_frame,371,640,480,1,323.6,236.3,0.0111,-0.0154,0.01089,2,1,1.000,0.4090,-0.0006,-0.0060,8.34,0.00,1791429651.651114,4,2,0.0
replay_assignment5_success_20261008_121732_20261008_123331,1791429651.489462,camera_color_optical_frame,372,640,480,1,323.6,236.5,0.0112,-0.0147,0.01084,2,1,1.000,0.4100,-0.0005,-0.0059,8.15,0.00,1791429651.676136,4,1,0.0
replay_assignment5_success_20261008_121732_20261008_123331,1791429651.556148,camera_color_optical_frame,373,640,480,1,323.6,236.3,0.0113,-0.0156,0.01095,2,1,1.000,0.4100,-0.0005,-0.0060,8.48,0.00,1791429651.701122,4,2,0.0
replay_assignment5_success_20261008_121732_20261008_123331,1791429651.589491,camera_color_optical_frame,374,640,480,1,323.6,236.5,0.0113,-0.0145,0.01086,2,1,1.000,0.4090,-0.0005,-0.0058,7.92,0.00,1791429651.751140,4,1,0.0
replay_assignment5_success_20261008_121732_20261008_123331,1791429651.622833,camera_color_optical_frame,375,640,480,1,323.7,236.6,0.0117,-0.0142,0.01085,2,1,1.000,0.4100,-0.0004,-0.0058,8.91,0.00,1791429651.776146,4,2,0.0
replay_assignment5_success_20261008_121732_20261008_123331,1791429651.656177,camera_color_optical_frame,376,640,480,1,323.5,236.5,0.0110,-0.0147,0.01088,2,1,1.000,0.4100,-0.0006,-0.0059,8.33,0.00,1791429651.801133,4,2,0.0
replay_assignment5_success_20261008_121732_20261008_123331,1791429651.689519,camera_color_optical_frame,377,640,480,1,323.6,236.6,0.0113,-0.0141,0.01084,2,1,1.000,0.4090,-0.0005,-0.0058,8.24,0.00,1791429651.852742,4,1,0.0
replay_assignment5_success_20261008_121732_20261008_123331,1791429651.722862,camera_color_optical_frame,378,640,480,1,323.5,236.4,0.0110,-0.0149,0.01087,2,1,1.000,0.4100,-0.0006,-0.0059,8.06,0.00,1791429651.876131,4,1,0.0
replay_assignment5_success_20261008_121732_20261008_123331,1791429651.756205,camera_color_optical_frame,379,640,480,1,323.6,236.3,0.0112,-0.0156,0.01094,2,1,1.000,0.4100,-0.0005,-0.0060,8.27,0.00,1791429651.926088,4,1,0.0
replay_assignment5_success_20261008_121732_20261008_123331,1791429651.789548,camera_color_optical_frame,380,640,480,1,323.6,236.6,0.0112,-0.0140,0.01083,3,1,1.000,0.4100,-0.0005,-0.0058,8.45,0.00,1791429651.951139,4,0,0.0
replay_assignment5_success_20261008_121732_20261008_123331,1791429651.856234,camera_color_optical_frame,381,640,480,1,323.6,236.9,0.0113,-0.0130,0.01076,3,1,1.000,0.4100,-0.0005,-0.0056,11.32,0.00,1791429652.001092,4,0,0.0
replay_assignment5_success_20261008_121732_20261008_123331,1791429651.889577,camera_color_optical_frame,382,640,480,1,323.5,236.8,0.0111,-0.0135,0.01079,3,0,,,,,6.32,33.34,1791429652.001092,4,0,0.0
replay_assignment5_success_20261008_121732_20261008_123331,1791429651.922920,camera_color_optical_frame,383,640,480,1,323.5,236.4,0.0110,-0.0151,0.01090,3,0,,,,,7.57,66.69,1791429652.026572,4,0,0.0
replay_assignment5_success_20261008_121732_20261008_123331,1791429651.956263,camera_color_optical_frame,384,640,480,1,323.6,236.6,0.0111,-0.0144,0.01084,3,0,,,,,6.35,100.03,1791429652.026572,4,0,0.0
replay_assignment5_success_20261008_121732_20261008_123331,1791429651.989607,camera_color_optical_frame,385,640,480,1,323.7,236.4,0.0114,-0.0151,0.01089,4,0,,,,,7.37,133.37,1791429652.051260,4,0,0.0
replay_assignment5_success_20261008_121732_20261008_123331,1791429652.022949,camera_color_optical_frame,386,640,480,1,323.6,236.6,0.0111,-0.0143,0.01085,2,1,1.000,0.4090,-0.0005,-0.0058,8.04,0.00,1791429652.076151,4,1,0.0
replay_assignment5_success_20261008_121732_20261008_123331,1791429652.056293,camera_color_optical_frame,387,640,480,1,323.6,236.5,0.0113,-0.0148,0.01085,2,1,1.000,0.4090,-0.0005,-0.0059,10.28,0.00,1791429652.126109,4,2,0.0
replay_assignment5_success_20261008_121732_20261008_123331,1791429652.089636,camera_color_optical_frame,388,640,480,1,323.6,236.2,0.0113,-0.0160,0.01097,3,0,,,,,6.04,33.34,1791429652.126109,4,0,0.0
replay_assignment5_success_20261008_121732_20261008_123331,1791429652.122980,camera_color_optical_frame,389,640,480,1,323.6,236.7,0.0111,-0.0135,0.01078,2,1,1.000,0.4100,-0.0005,-0.0057,8.89,0.00,1791429652.176219,4,1,0.0
replay_assignment5_success_20261008_121732_20261008_123331,1791429652.156337,camera_color_optical_frame,390,640,480,1,323.6,236.3,0.0113,-0.0154,0.01091,2,1,1.000,0.4100,-0.0005,-0.0060,8.53,0.00,1791429652.226097,4,2,0.0
replay_assignment5_success_20261008_121732_20261008_123331,1791429652.189695,camera_color_optical_frame,391,640,480,1,323.6,236.5,0.0112,-0.0147,0.01088,2,1,1.000,0.4090,-0.0005,-0.0059,9.31,0.00,1791429652.251143,4,1,0.0
replay_assignment5_success_20261008_121732_20261008_123331,1791429652.223053,camera_color_optical_frame,392,640,480,1,323.6,236.3,0.0112,-0.0155,0.01095,3,1,1.000,0.4100,-0.0005,-0.0060,9.52,0.00,1791429652.301108,4,0,0.0
replay_assignment5_success_20261008_121732_20261008_123331,1791429652.256410,camera_color_optical_frame,393,640,480,1,323.6,236.3,0.0111,-0.0152,0.01089,2,1,1.000,0.4100,-0.0005,-0.0060,8.49,0.00,1791429652.326104,4,1,0.0
replay_assignment5_success_20261008_121732_20261008_123331,1791429652.289765,camera_color_optical_frame,394,640,480,1,323.6,236.7,0.0113,-0.0136,0.01079,2,1,1.000,0.4100,-0.0005,-0.0057,8.77,0.00,1791429652.376106,4,1,0.0
replay_assignment5_success_20261008_121732_20261008_123331,1791429652.323120,camera_color_optical_frame,395,640,480,1,323.5,236.5,0.0110,-0.0145,0.01084,2,1,1.000,0.4100,-0.0006,-0.0058,9.41,0.00,1791429652.401954,4,1,0.0
replay_assignment5_success_20261008_121732_20261008_123331,1791429652.356475,camera_color_optical_frame,396,640,480,1,323.6,236.6,0.0112,-0.0142,0.01083,2,1,1.000,0.4090,-0.0005,-0.0058,8.68,0.00,1791429652.426124,4,1,0.0
replay_assignment5_success_20261008_121732_20261008_123331,1791429652.389829,camera_color_optical_frame,397,640,480,1,323.6,236.5,0.0114,-0.0146,0.01083,2,1,1.000,0.4090,-0.0005,-0.0058,9.02,0.00,1791429652.476139,4,2,0.0
replay_assignment5_success_20261008_121732_20261008_123331,1791429652.423184,camera_color_optical_frame,398,640,480,1,323.6,236.5,0.0111,-0.0146,0.01088,2,1,1.000,0.4090,-0.0005,-0.0058,8.29,0.00,1791429652.501085,4,2,0.0
replay_assignment5_success_20261008_121732_20261008_123331,1791429652.456539,camera_color_optical_frame,399,640,480,1,323.6,236.5,0.0113,-0.0146,0.01083,2,1,1.000,0.4100,-0.0005,-0.0058,9.98,0.00,1791429652.551145,4,1,0.0
replay_assignment5_success_20261008_121732_20261008_123331,1791429652.489893,camera_color_optical_frame,400,640,480,1,323.6,236.3,0.0113,-0.0154,0.01091,3,1,1.000,0.4100,-0.0005,-0.0060,8.32,0.00,1791429652.576181,4,0,0.0
replay_assignment5_success_20261008_121732_20261008_123331,1791429652.523248,camera_color_optical_frame,401,640,480,1,323.6,236.5,0.0113,-0.0147,0.01090,2,1,1.000,0.4100,-0.0005,-0.0059,8.57,0.00,1791429652.626152,4,1,0.0
replay_assignment5_success_20261008_121732_20261008_123331,1791429652.556602,camera_color_optical_frame,402,640,480,1,323.7,236.3,0.0114,-0.0152,0.01088,2,1,1.000,0.4090,-0.0005,-0.0059,9.28,0.00,1791429652.651109,4,2,0.0
replay_assignment5_success_20261008_121732_20261008_123331,1791429652.589957,camera_color_optical_frame,403,640,480,1,323.6,236.5,0.0112,-0.0147,0.01085,2,1,1.000,0.4100,-0.0005,-0.0059,8.41,0.00,1791429652.676267,4,1,0.0
replay_assignment5_success_20261008_121732_20261008_123331,1791429652.623311,camera_color_optical_frame,404,640,480,1,323.7,236.4,0.0114,-0.0149,0.01088,2,1,1.000,0.4100,-0.0005,-0.0059,9.33,0.00,1791429652.726253,4,1,0.0
replay_assignment5_success_20261008_121732_20261008_123331,1791429652.656665,camera_color_optical_frame,405,640,480,1,323.7,236.5,0.0115,-0.0148,0.01091,2,1,1.000,0.4090,-0.0005,-0.0059,8.37,0.00,1791429652.751114,4,1,0.0
replay_assignment5_success_20261008_121732_20261008_123331,1791429652.690020,camera_color_optical_frame,406,640,480,1,323.6,236.6,0.0113,-0.0141,0.01083,3,1,0.999,0.4100,-0.0005,-0.0058,9.61,0.00,1791429652.801328,4,1,0.0
replay_assignment5_success_20261008_121732_20261008_123331,1791429652.723374,camera_color_optical_frame,407,640,480,1,323.7,236.5,0.0115,-0.0147,0.01087,2,1,1.000,0.4100,-0.0005,-0.0059,8.87,0.00,1791429652.826170,4,2,0.0
replay_assignment5_success_20261008_121732_20261008_123331,1791429652.756728,camera_color_optical_frame,408,640,480,1,323.6,236.5,0.0112,-0.0148,0.01086,2,1,1.000,0.4100,-0.0005,-0.0059,10.33,0.00,1791429652.876171,4,2,0.0
replay_assignment5_success_20261008_121732_20261008_123331,1791429652.790082,camera_color_optical_frame,409,640,480,1,323.6,236.2,0.0112,-0.0159,0.01097,2,1,1.000,0.4100,-0.0005,-0.0061,9.92,0.00,1791429652.926113,4,1,0.0
replay_assignment5_success_20261008_121732_20261008_123331,1791429652.823436,camera_color_optical_frame,410,640,480,1,323.7,236.2,0.0115,-0.0157,0.01096,2,1,1.000,0.4090,-0.0005,-0.0060,8.20,0.00,1791429652.951118,4,1,0.0
replay_assignment5_success_20261008_121732_20261008_123331,1791429652.856790,camera_color_optical_frame,411,640,480,1,323.6,236.2,0.0113,-0.0157,0.01096,2,1,1.000,0.4090,-0.0005,-0.0060,8.76,0.00,1791429652.976151,4,2,0.0
replay_assignment5_success_20261008_121732_20261008_123331,1791429652.890144,camera_color_optical_frame,412,640,480,1,323.6,236.5,0.0113,-0.0146,0.01086,2,1,1.000,0.4100,-0.0005,-0.0058,8.24,0.00,1791429653.026113,4,1,0.0
replay_assignment5_success_20261008_121732_20261008_123331,1791429652.923498,camera_color_optical_frame,413,640,480,1,323.6,236.0,0.0112,-0.0167,0.01101,2,1,1.000,0.4100,-0.0005,-0.0062,9.67,0.00,1791429653.051217,4,2,0.0
replay_assignment5_success_20261008_121732_20261008_123331,1791429652.956852,camera_color_optical_frame,414,640,480,1,323.5,236.5,0.0110,-0.0147,0.01087,2,1,1.000,0.4100,-0.0006,-0.0059,8.36,0.00,1791429653.076119,4,2,0.0
replay_assignment5_success_20261008_121732_20261008_123331,1791429652.990206,camera_color_optical_frame,415,640,480,1,323.6,236.3,0.0112,-0.0154,0.01093,2,1,1.000,0.4100,-0.0005,-0.0060,8.86,0.00,1791429653.126166,4,1,0.0
replay_assignment5_success_20261008_121732_20261008_123331,1791429653.023560,camera_color_optical_frame,416,640,480,1,323.5,236.5,0.0110,-0.0147,0.01086,2,1,1.000,0.4100,-0.0006,-0.0059,8.53,0.00,1791429653.151121,4,2,0.0
replay_assignment5_success_20261008_121732_20261008_123331,1791429653.056914,camera_color_optical_frame,417,640,480,1,323.5,236.4,0.0111,-0.0151,0.01091,2,1,1.000,0.4090,-0.0006,-0.0059,8.06,0.00,1791429653.201287,4,1,0.0
replay_assignment5_success_20261008_121732_20261008_123331,1791429653.090267,camera_color_optical_frame,418,640,480,1,323.7,236.2,0.0114,-0.0158,0.01095,3,0,,,,,6.20,33.35,1791429653.201287,4,0,0.0
replay_assignment5_success_20261008_121732_20261008_123331,1791429653.123621,camera_color_optical_frame,419,640,480,1,323.6,236.4,0.0111,-0.0150,0.01089,4,0,,,,,8.70,66.71,1791429653.228546,4,0,0.0
replay_assignment5_success_20261008_121732_20261008_123331,1791429653.156975,camera_color_optical_frame,420,640,480,1,323.7,236.2,0.0116,-0.0160,0.01095,4,0,,,,,6.33,100.06,1791429653.251173,4,0,0.0
replay_assignment5_success_20261008_121732_20261008_123331,1791429653.190328,camera_color_optical_frame,421,640,480,1,323.6,236.4,0.0113,-0.0149,0.01088,3,0,,,,,8.17,133.41,1791429653.251173,4,0,0.0
replay_assignment5_success_20261008_121732_20261008_123331,1791429653.223681,camera_color_optical_frame,422,640,480,1,323.7,236.2,0.0115,-0.0156,0.01092,3,0,,,,,6.23,166.77,1791429653.276679,4,0,0.0
replay_assignment5_success_20261008_121732_20261008_123331,1791429653.257035,camera_color_optical_frame,423,640,480,1,323.6,236.3,0.0113,-0.0154,0.01091,2,1,1.000,0.4100,-0.0005,-0.0060,9.61,0.00,1791429653.301153,4,2,0.0
replay_assignment5_success_20261008_121732_20261008_123331,1791429653.290392,camera_color_optical_frame,424,640,480,1,323.7,236.5,0.0114,-0.0144,0.01085,2,1,1.000,0.4100,-0.0005,-0.0058,11.42,0.00,1791429653.352751,4,2,0.0
replay_assignment5_success_20261008_121732_20261008_123331,1791429653.323752,camera_color_optical_frame,425,640,480,1,323.7,236.3,0.0116,-0.0154,0.01093,3,0,,,,,6.68,33.36,1791429653.376117,4,0,0.0
