label,stamp_s,status,reason,selected,area_px,z_m,area_cm2,cut,cx,cy
block_1.0m_s1.0,1791449298.570385,kept,,1,391.0,1.19,15.09,0,443.0,377.5
block_1.0m_s1.0,1791449298.603744,kept,,1,391.0,1.181,14.86,0,443.2,377.2
block_1.0m_s1.0,1791449298.670462,kept,,1,411.0,1.188,15.81,0,443.3,377.5
block_1.0m_s1.0,1791449298.70382,kept,,1,387.5,1.198,15.16,0,443.1,377.0
block_1.0m_s1.0,1791449298.770458,kept,,1,397.0,1.181,15.09,0,443.1,377.1
block_1.0m_s1.0,1791449298.803776,kept,,1,412.0,1.207,16.36,0,443.1,377.4
block_1.0m_s1.0,1791449298.870412,kept,,1,389.5,1.193,15.11,0,442.8,377.3
block_1.0m_s1.0,1791449298.903729,kept,,1,405.5,1.186,15.54,0,443.1,377.4
block_1.0m_s1.0,1791449299.203563,kept,,1,399.5,1.218,16.15,0,442.9,377.1
block_1.0m_s1.0,1791449299.236876,kept,,1,393.5,1.202,15.49,0,442.9,377.4
block_1.0m_s1.0,1791449299.270188,kept,,1,386.0,1.195,15.02,0,443.1,377.3
block_1.0m_s1.0,1791449299.3035,kept,,1,402.5,1.168,14.96,0,443.1,377.4
block_1.0m_s1.0,1791449299.336812,kept,,1,410.0,1.199,16.06,0,443.1,377.7
block_1.0m_s1.0,1791449299.370123,kept,,1,413.5,1.179,15.66,0,443.1,377.4
block_1.0m_s1.0,1791449299.403434,kept,,1,405.5,1.193,15.73,0,443.1,377.5
block_1.0m_s1.0,1791449299.436743,kept,,1,397.0,1.177,14.99,0,443.0,377.4
block_1.0m_s1.0,1791449299.470053,kept,,1,396.5,1.197,15.48,0,443.0,377.6
block_1.0m_s1.0,1791449299.503363,kept,,1,402.5,1.211,16.09,0,443.0,377.4
block_1.0m_s1.0,1791449299.536672,kept,,1,395.5,1.181,15.03,0,443.2,377.5
block_1.0m_s1.0,1791449299.56998,kept,,1,412.5,1.188,15.87,0,443.3,377.4
block_1.0m_s1.0,1791449299.636596,kept,,1,401.5,1.193,15.57,0,443.1,377.7
block_1.0m_s1.0,1791449299.669903,kept,,1,390.0,1.202,15.36,0,442.9,377.3
block_1.0m_s1.0,1791449299.703211,kept,,1,398.5,1.184,15.24,0,443.2,377.2
block_1.0m_s1.0,1791449299.769902,kept,,1,394.5,1.199,15.46,0,443.1,377.3
block_1.0m_s1.0,1791449299.803253,kept,,1,393.5,1.179,14.91,0,443.1,377.2
block_1.0m_s1.0,1791449299.869955,kept,,1,388.5,1.177,14.67,0,443.1,377.4
block_1.0m_s1.0,1791449299.903306,kept,,1,408.5,1.186,15.66,0,442.9,377.3
block_1.0m_s1.0,1791449299.936657,kept,,1,391.0,1.2,15.36,0,442.9,377.1
block_1.0m_s1.0,1791449300.003361,kept,,1,395.5,1.197,15.44,0,443.1,377.2
block_1.0m_s1.0,1791449300.103417,kept,,1,409.0,1.197,15.97,0,443.2,377.3
block_1.0m_s1.0,1791449300.136769,kept,,1,401.0,1.199,15.71,0,443.1,377.5
block_1.0m_s1.0,1791449300.203475,kept,,1,410.0,1.183,15.64,0,442.9,377.6
block_1.0m_s1.0,1791449300.236828,kept,,1,388.0,1.189,14.95,0,443.1,377.6
block_1.0m_s1.0,1791449300.270181,kept,,1,422.0,1.209,16.81,0,443.3,377.6
block_1.0m_s1.0,1791449300.303535,kept,,1,406.5,1.193,15.77,0,443.3,377.5
block_1.0m_s1.0,1791449300.370242,kept,,1,399.0,1.186,15.29,0,443.1,377.4
block_1.0m_s1.0,1791449300.403596,kept,,1,383.5,1.195,14.92,0,443.1,377.0
block_1.0m_s1.0,1791449300.470305,kept,,1,402.0,1.177,15.18,0,443.0,377.4
block_1.0m_s1.0,1791449300.50366,kept,,1,413.0,1.179,15.64,0,443.1,377.4
block_1.0m_s1.0,1791449300.570369,kept,,1,426.5,1.193,16.54,0,443.1,377.9
block_1.0m_s1.0,1791449300.603724,kept,,1,412.0,1.211,16.47,0,443.1,377.5
block_1.0m_s1.0,1791449300.670435,kept,,1,410.5,1.197,16.03,0,443.3,377.3
block_1.0m_s1.0,1791449300.703791,kept,,1,409.5,1.188,15.75,0,443.0,377.2
block_1.0m_s1.0,1791449300.770486,kept,,1,386.5,1.189,14.89,0,442.8,377.3
block_1.0m_s1.0,1791449300.803847,kept,,1,403.5,1.177,15.23,0,442.9,377.7
block_1.0m_s1.0,1791449300.870569,kept,,1,401.5,1.172,15.03,0,443.1,377.2
block_1.0m_s1.0,1791449300.90393,kept,,1,408.5,1.183,15.58,0,443.3,377.4
block_1.0m_s1.0,1791449300.970651,kept,,1,395.0,1.209,15.73,0,443.1,377.3
block_1.0m_s1.0,1791449301.004012,kept,,1,399.0,1.193,15.48,0,443.0,377.2
block_1.0m_s1.0,1791449301.070734,kept,,1,394.5,1.194,15.33,0,442.8,377.4
block_1.0m_s1.0,1791449301.104095,kept,,1,396.5,1.197,15.48,0,443.0,377.1
block_1.0m_s1.0,1791449301.170816,kept,,1,389.0,1.204,15.37,0,442.8,377.7
block_1.0m_s1.0,1791449301.204177,kept,,1,394.0,1.177,14.87,0,443.0,377.3
block_1.0m_s1.0,1791449301.237537,kept,,1,414.5,1.168,15.41,0,443.1,377.1
block_1.0m_s1.0,1791449301.304258,kept,,1,397.5,1.204,15.7,0,443.0,377.3
block_1.0m_s1.0,1791449301.337619,kept,,1,390.0,1.202,15.36,0,442.8,377.7
block_1.0m_s1.0,1791449301.40434,kept,,1,389.0,1.197,15.19,0,443.0,377.0
block_1.0m_s1.0,1791449301.4377,kept,,1,396.0,1.168,14.72,0,443.0,377.3
block_1.0m_s1.0,1791449301.47106,kept,,1,396.0,1.204,15.64,0,442.9,377.7
block_1.0m_s1.0,1791449301.537781,kept,,1,398.5,1.207,15.82,0,443.0,377.2
block_1.0m_s0.5,1791449310.511215,kept,,1,380.0,1.183,14.49,0,442.8,376.9
block_1.0m_s0.5,1791449310.544572,kept,,1,374.0,1.165,13.83,0,442.6,376.4
block_1.0m_s0.5,1791449310.611284,kept,,1,372.0,1.181,14.14,0,442.7,376.6
block_1.0m_s0.5,1791449310.644641,kept,,1,370.0,1.183,14.11,0,442.5,377.0
block_1.0m_s0.5,1791449310.711354,kept,,1,392.0,1.186,15.03,0,443.0,377.0
block_1.0m_s0.5,1791449310.778068,kept,,1,388.0,1.188,14.92,0,442.8,377.1
block_1.0m_s0.5,1791449310.811425,kept,,1,378.0,1.214,15.18,0,442.5,377.5
block_1.0m_s0.5,1791449310.878139,kept,,1,360.0,1.188,13.85,0,442.5,377.0
block_1.0m_s0.5,1791449310.911497,kept,,1,378.0,1.202,14.88,0,442.7,377.1
block_1.0m_s0.5,1791449310.944854,kept,,1,370.0,1.202,14.57,0,442.6,377.0
block_1.0m_s0.5,1791449311.01154,kept,,1,360.0,1.199,14.1,0,442.5,377.0
block_1.0m_s0.5,1791449311.044883,kept,,1,382.0,1.193,14.82,0,442.7,377.1
block_1.0m_s0.5,1791449311.111569,kept,,1,368.0,1.179,13.94,0,442.6,377.3
block_1.0m_s0.5,1791449311.144912,kept,,1,358.0,1.195,13.93,0,442.7,377.2
block_1.0m_s0.5,1791449311.211598,kept,,1,364.0,1.181,13.84,0,442.7,376.8
block_1.0m_s0.5,1791449311.278283,kept,,1,364.0,1.193,14.12,0,442.8,377.1
block_1.0m_s0.5,1791449311.311625,kept,,1,370.0,1.174,13.9,0,442.5,376.7
block_1.0m_s0.5,1791449311.37831,kept,,1,362.0,1.186,13.88,0,442.5,376.4
block_1.0m_s0.5,1791449311.444995,kept,,1,372.0,1.195,14.48,0,442.7,377.1
block_1.0m_s0.5,1791449311.511679,kept,,1,366.0,1.179,13.86,0,442.6,376.4
block_1.0m_s0.5,1791449311.545021,kept,,1,378.0,1.211,15.11,0,442.8,376.8
block_1.0m_s0.5,1791449311.611706,kept,,1,346.0,1.195,13.46,0,442.4,376.6
block_1.0m_s0.5,1791449311.678389,kept,,1,358.0,1.19,13.82,0,442.6,376.8
block_1.0m_s0.5,1791449311.778414,kept,,1,342.0,1.193,13.26,0,442.1,376.6
block_1.0m_s0.5,1791449311.878438,kept,,1,358.0,1.179,13.56,0,442.3,376.8
block_1.0m_s0.5,1791449311.945127,kept,,1,362.0,1.177,13.67,0,442.8,376.8
block_1.0m_s0.5,1791449311.978476,kept,,1,342.0,1.188,13.15,0,442.6,376.4
block_1.0m_s0.5,1791449312.011824,kept,,1,382.0,1.222,15.55,0,442.8,376.8
block_1.0m_s0.5,1791449312.045172,kept,,1,350.0,1.199,13.71,0,442.7,376.6
block_1.0m_s0.5,1791449312.078521,kept,,1,350.0,1.216,14.1,0,442.3,376.7
block_1.0m_s0.5,1791449312.145217,kept,,1,366.0,1.163,13.49,0,442.8,376.5
block_1.0m_s0.5,1791449312.178565,kept,,1,384.0,1.186,14.72,0,443.0,377.0
block_1.0m_s0.5,1791449312.245261,kept,,1,370.0,1.204,14.62,0,442.6,377.0
block_1.0m_s0.5,1791449312.27861,kept,,1,364.0,1.195,14.17,0,442.5,377.1
block_1.0m_s0.5,1791449312.311958,kept,,1,362.0,1.188,13.92,0,442.5,376.7
block_1.0m_s0.5,1791449312.378654,kept,,1,338.0,1.216,13.62,0,442.3,376.5
block_1.0m_s0.5,1791449312.44535,kept,,1,362.0,1.214,14.54,0,442.4,377.0
block_1.0m_s0.5,1791449312.512046,kept,,1,382.0,1.195,14.87,0,443.0,376.7
block_1.0m_s0.5,1791449312.545395,kept,,1,366.0,1.195,14.24,0,442.7,376.5
block_1.0m_s0.5,1791449312.578743,kept,,1,378.0,1.204,14.93,0,442.9,376.4
block_1.0m_s0.5,1791449312.645439,kept,,1,360.0,1.193,13.96,0,442.5,377.2
block_1.0m_s0.5,1791449312.712135,kept,,1,396.0,1.179,15.0,0,443.1,376.9
block_1.0m_s0.5,1791449312.745484,kept,,1,382.0,1.183,14.57,0,442.9,376.7
block_1.0m_s0.5,1791449312.81218,kept,,1,350.0,1.206,13.86,0,442.2,376.8
block_1.0m_s0.5,1791449312.845528,kept,,1,368.0,1.199,14.42,0,442.6,377.2
block_1.0m_s0.5,1791449312.912224,kept,,1,350.0,1.199,13.71,0,442.3,376.5
block_1.0m_s0.5,1791449312.978947,kept,,1,350.0,1.204,13.83,0,442.3,376.8
block_1.0m_s0.5,1791449313.012314,kept,,1,346.0,1.183,13.2,0,442.6,376.2
block_1.0m_s0.5,1791449313.079047,kept,,1,346.0,1.216,13.94,0,442.5,376.7
block_1.0m_s0.5,1791449313.112414,kept,,1,368.0,1.197,14.37,0,442.8,376.8
block_1.0m_s0.5,1791449313.179148,kept,,1,350.0,1.188,13.46,0,442.3,376.6
block_1.0m_s0.5,1791449313.245883,kept,,1,350.0,1.192,13.54,0,442.3,376.7
block_1.0m_s0.5,1791449313.27925,kept,,1,342.0,1.211,13.67,0,442.4,376.4
block_1.0m_s0.5,1791449313.345984,kept,,1,338.0,1.195,13.15,0,442.3,376.5
block_1.0m_s0.5,1791449313.412719,kept,,1,338.0,1.209,13.46,0,442.3,376.6
block_1.5m_s1.0,1791449361.680604,kept,,1,235.5,1.666,17.81,0,434.1,348.2
block_1.5m_s1.0,1791449361.713965,kept,,1,235.0,1.666,17.77,0,434.1,348.3
block_1.5m_s1.0,1791449361.747326,kept,,1,232.5,1.689,18.07,0,434.1,348.3
block_1.5m_s1.0,1791449361.780687,kept,,1,232.0,1.675,17.74,0,434.0,348.3
block_1.5m_s1.0,1791449361.814048,kept,,1,232.5,1.685,17.99,0,434.2,348.3
block_1.5m_s1.0,1791449361.847408,kept,,1,232.0,1.662,17.46,0,434.1,348.4
block_1.5m_s1.0,1791449361.880769,kept,,1,229.0,1.675,17.51,0,434.1,348.3
block_1.5m_s1.0,1791449361.91413,kept,,1,227.5,1.671,17.31,0,434.2,348.5
block_1.5m_s1.0,1791449361.980852,kept,,1,229.5,1.675,17.55,0,434.1,348.5
block_1.5m_s1.0,1791449362.014221,kept,,1,228.5,1.703,18.06,0,434.1,348.5
block_1.5m_s1.0,1791449362.04759,kept,,1,233.0,1.662,17.54,0,434.1,348.2
block_1.5m_s1.0,1791449362.114327,kept,,1,234.0,1.666,17.7,0,434.1,348.3
block_1.5m_s1.0,1791449362.147696,kept,,1,228.5,1.662,17.2,0,434.1,348.3
block_1.5m_s1.0,1791449362.214434,kept,,1,232.0,1.671,17.65,0,434.1,348.3
block_1.5m_s1.0,1791449362.247803,kept,,1,232.5,1.675,17.78,0,434.0,348.4
block_1.5m_s1.0,1791449362.314541,kept,,1,227.5,1.675,17.39,0,434.1,348.4
block_1.5m_s1.0,1791449362.347909,kept,,1,230.5,1.657,17.25,0,434.1,348.4
block_1.5m_s1.0,1791449362.414648,kept,,1,234.0,1.694,18.3,0,434.0,348.2
block_1.5m_s1.0,1791449362.448016,kept,,1,231.0,1.666,17.47,0,434.0,348.3
block_1.5m_s1.0,1791449362.514755,kept,,1,233.5,1.662,17.58,0,434.1,348.4
block_1.5m_s1.0,1791449362.548124,kept,,1,230.5,1.685,17.83,0,434.0,348.4
block_1.5m_s1.0,1791449362.614862,kept,,1,232.0,1.666,17.55,0,434.0,348.4
block_1.5m_s1.0,1791449362.648231,kept,,1,229.5,1.689,17.84,0,434.1,348.3
block_1.5m_s1.0,1791449362.714969,kept,,1,231.5,1.675,17.7,0,434.1,348.3
block_1.5m_s1.0,1791449362.748338,kept,,1,231.5,1.671,17.62,0,434.1,348.4
block_1.5m_s1.0,1791449362.781707,kept,,1,233.5,1.68,17.96,0,434.0,348.4
block_1.5m_s1.0,1791449362.848446,kept,,1,239.0,1.685,18.49,0,434.1,348.0
block_1.5m_s1.0,1791449362.881815,kept,,1,237.5,1.657,17.77,0,434.1,348.1
block_1.5m_s1.0,1791449362.948553,kept,,1,230.0,1.666,17.4,0,434.1,348.5
block_1.5m_s1.0,1791449362.981974,kept,,1,232.0,1.685,17.95,0,434.1,348.2
block_1.5m_s1.0,1791449363.048669,kept,,1,241.0,1.68,18.54,0,434.0,348.1
block_1.5m_s1.0,1791449363.082016,kept,,1,237.0,1.68,18.23,0,434.1,348.1
block_1.5m_s1.0,1791449363.14871,kept,,1,234.0,1.685,18.11,0,434.0,348.3
block_1.5m_s1.0,1791449363.182058,kept,,1,237.5,1.68,18.27,0,434.1,348.2
block_1.5m_s1.0,1791449363.215405,kept,,1,233.0,1.666,17.62,0,434.1,348.3
block_1.5m_s1.0,1791449363.282099,kept,,1,229.5,1.657,17.17,0,434.1,348.4
block_1.5m_s1.0,1791449363.315446,kept,,1,239.0,1.689,18.58,0,434.1,348.1
block_1.5m_s1.0,1791449363.382141,kept,,1,234.5,1.64,17.19,0,434.1,348.2
block_1.5m_s1.0,1791449363.415487,kept,,1,236.5,1.698,18.58,0,434.0,348.1
block_1.5m_s1.0,1791449363.448835,kept,,1,232.0,1.671,17.65,0,434.0,348.4
block_1.5m_s1.0,1791449363.515529,kept,,1,239.0,1.666,18.08,0,434.0,348.2
block_1.5m_s1.0,1791449363.582223,kept,,1,239.0,1.683,18.44,0,434.1,347.9
block_1.5m_s1.0,1791449363.61557,kept,,1,234.0,1.68,18.0,0,434.0,348.3
block_1.5m_s1.0,1791449363.648917,kept,,1,242.0,1.694,18.92,0,434.1,348.1
block_1.5m_s1.0,1791449363.715611,kept,,1,234.0,1.675,17.89,0,434.1,348.3
block_1.5m_s1.0,1791449363.94904,kept,,1,235.5,1.68,18.11,0,434.1,348.2
block_1.5m_s1.0,1791449363.982387,kept,,1,232.5,1.694,18.18,0,434.1,348.4
block_1.5m_s1.0,1791449364.015734,kept,,1,237.5,1.653,17.68,0,434.1,348.0
block_1.5m_s1.0,1791449364.049081,kept,,1,236.5,1.666,17.89,0,434.1,348.3
block_1.5m_s1.0,1791449364.082428,kept,,1,241.0,1.671,18.34,0,434.1,348.0
block_1.5m_s1.0,1791449364.115765,kept,,1,240.0,1.685,18.57,0,434.1,348.0
block_1.5m_s1.0,1791449364.149122,kept,,1,235.0,1.671,17.88,0,434.1,348.2
block_1.5m_s1.0,1791449364.18248,kept,,1,233.5,1.694,18.26,0,434.0,348.3
block_1.5m_s1.0,1791449364.215837,kept,,1,237.0,1.689,18.42,0,434.1,348.3
block_1.5m_s1.0,1791449364.249194,kept,,1,231.0,1.657,17.28,0,434.1,348.5
block_1.5m_s1.0,1791449364.282551,kept,,1,234.5,1.671,17.84,0,434.1,348.1
block_1.5m_s1.0,1791449364.315908,kept,,1,241.0,1.68,18.54,0,434.1,348.0
block_1.5m_s1.0,1791449364.349265,kept,,1,241.0,1.68,18.54,0,434.1,348.0
block_1.5m_s1.0,1791449364.382622,kept,,1,240.0,1.689,18.66,0,434.0,348.2
block_1.5m_s1.0,1791449364.449337,kept,,1,231.5,1.685,17.91,0,434.1,348.4
block_1.5m_s1.0,1791449364.516051,kept,,1,240.0,1.662,18.07,0,434.1,348.0
block_1.5m_s1.0,1791449364.549409,kept,,1,241.5,1.653,17.98,0,434.1,348.0
block_1.5m_s0.5,1791449373.056085,kept,,1,202.0,1.717,16.23,0,433.6,347.8
block_1.5m_s0.5,1791449373.089446,kept,,1,202.0,1.713,16.15,0,433.6,347.8
block_1.5m_s0.5,1791449373.156166,kept,,1,202.0,1.685,15.63,0,433.6,347.8
block_1.5m_s0.5,1791449373.189527,kept,,1,202.0,1.717,16.23,0,433.6,347.8
block_1.5m_s0.5,1791449373.222888,kept,,1,206.0,1.698,16.19,0,433.4,347.9
block_1.5m_s0.5,1791449373.289608,kept,,1,208.0,1.698,16.34,0,433.5,348.1
block_1.5m_s0.5,1791449373.322969,kept,,1,202.0,1.713,16.15,0,433.6,347.8
block_1.5m_s0.5,1791449373.35633,kept,,1,206.0,1.717,16.55,0,433.4,347.9
block_1.5m_s0.5,1791449373.38969,kept,,1,202.0,1.717,16.23,0,433.6,347.8
block_1.5m_s0.5,1791449373.456411,kept,,1,206.0,1.68,15.84,0,433.4,347.9
block_1.5m_s0.5,1791449373.489771,kept,,1,202.0,1.694,15.8,0,433.6,347.8
block_1.5m_s0.5,1791449373.790014,kept,,1,202.0,1.671,15.37,0,433.6,347.8
block_1.5m_s0.5,1791449373.823374,kept,,1,202.0,1.689,15.7,0,433.6,347.8
block_1.5m_s0.5,1791449373.856734,kept,,1,202.0,1.703,15.97,0,433.6,347.8
block_1.5m_s0.5,1791449373.890094,kept,,1,202.0,1.666,15.28,0,433.6,347.8
block_1.5m_s0.5,1791449373.923454,kept,,1,206.0,1.694,16.11,0,433.4,347.9
block_1.5m_s0.5,1791449373.956814,kept,,1,202.0,1.698,15.87,0,433.6,347.8
block_1.5m_s0.5,1791449373.990174,kept,,1,202.0,1.68,15.54,0,433.6,347.8
block_1.5m_s0.5,1791449374.023534,kept,,1,202.0,1.666,15.28,0,433.6,347.8
block_1.5m_s0.5,1791449374.056882,kept,,1,206.0,1.689,16.01,0,433.4,347.9
block_1.5m_s0.5,1791449374.090245,kept,,1,206.0,1.703,16.28,0,433.4,347.9
block_1.5m_s0.5,1791449374.123608,kept,,1,202.0,1.689,15.7,0,433.6,347.8
block_1.5m_s0.5,1791449374.156971,kept,,1,202.0,1.689,15.7,0,433.6,347.8
block_1.5m_s0.5,1791449374.223697,kept,,1,202.0,1.694,15.8,0,433.6,347.8
block_1.5m_s0.5,1791449374.257061,kept,,1,202.0,1.689,15.7,0,433.6,347.8
block_1.5m_s0.5,1791449374.323787,kept,,1,206.0,1.685,15.94,0,433.4,347.9
block_1.5m_s0.5,1791449374.35715,kept,,1,206.0,1.694,16.11,0,433.4,347.9
block_1.5m_s0.5,1791449374.423877,kept,,1,202.0,1.68,15.54,0,433.6,347.8
block_1.5m_s0.5,1791449374.457241,kept,,1,206.0,1.666,15.58,0,433.4,347.9
block_1.5m_s0.5,1791449374.490604,kept,,1,202.0,1.675,15.44,0,433.6,347.8
block_1.5m_s0.5,1791449374.557331,kept,,1,202.0,1.671,15.37,0,433.6,347.8
block_1.5m_s0.5,1791449374.590695,kept,,1,206.0,1.694,16.11,0,433.4,347.9
block_1.5m_s0.5,1791449374.657422,kept,,1,206.0,1.685,15.94,0,433.4,347.9
block_1.5m_s0.5,1791449374.690786,kept,,1,206.0,1.703,16.28,0,433.4,347.9
block_1.5m_s0.5,1791449374.991063,kept,,1,206.0,1.675,15.75,0,433.4,347.9
block_1.5m_s0.5,1791449375.024427,kept,,1,206.0,1.694,16.11,0,433.4,347.9
block_1.5m_s0.5,1791449375.057791,kept,,1,202.0,1.694,15.8,0,433.6,347.8
block_1.5m_s0.5,1791449375.091156,kept,,1,202.0,1.68,15.54,0,433.6,347.8
block_1.5m_s0.5,1791449375.12452,kept,,1,206.0,1.708,16.38,0,433.4,347.9
block_1.5m_s0.5,1791449375.157871,kept,,1,206.0,1.675,15.75,0,433.4,347.9
block_1.5m_s0.5,1791449375.191249,kept,,1,202.0,1.689,15.7,0,433.6,347.8
block_1.5m_s0.5,1791449375.224627,kept,,1,206.0,1.689,16.01,0,433.4,347.9
block_1.5m_s0.5,1791449375.258006,kept,,1,202.0,1.689,15.7,0,433.6,347.8
block_1.5m_s0.5,1791449375.291385,kept,,1,202.0,1.675,15.44,0,433.6,347.8
block_1.5m_s0.5,1791449375.324763,kept,,1,206.0,1.685,15.94,0,433.4,347.9
block_1.5m_s0.5,1791449375.358142,kept,,1,206.0,1.694,16.11,0,433.4,347.9
block_1.5m_s0.5,1791449375.39152,kept,,1,206.0,1.671,15.68,0,433.4,347.9
block_1.5m_s0.5,1791449375.458278,kept,,1,206.0,1.708,16.38,0,433.4,347.9
block_1.5m_s0.5,1791449375.491657,kept,,1,202.0,1.708,16.06,0,433.6,347.8
block_1.5m_s0.5,1791449375.525035,kept,,1,206.0,1.671,15.68,0,433.4,347.9
block_1.5m_s0.5,1791449375.591793,kept,,1,202.0,1.694,15.8,0,433.6,347.8
block_1.5m_s0.5,1791449375.625172,kept,,1,206.0,1.671,15.68,0,433.4,347.9
block_1.5m_s0.5,1791449375.691929,kept,,1,202.0,1.708,16.06,0,433.6,347.8
block_1.5m_s0.5,1791449375.725308,kept,,1,202.0,1.689,15.7,0,433.6,347.8
block_1.5m_s0.5,1791449376.0591,kept,,1,202.0,1.689,15.7,0,433.6,347.8
block_1.5m_s0.5,1791449376.092479,kept,,1,202.0,1.694,15.8,0,433.6,347.8
block_1.5m_s0.5,1791449376.125858,kept,,1,206.0,1.68,15.84,0,433.4,347.9
block_2.0m_s1.0,1791449432.599376,kept,,1,118.0,2.163,15.04,0,433.5,328.3
block_2.0m_s1.0,1791449432.666053,kept,,1,119.0,2.148,14.96,0,433.5,327.3
block_2.0m_s1.0,1791449432.699391,kept,,1,122.0,2.167,15.62,0,433.4,327.6
block_2.0m_s1.0,1791449432.766067,kept,,1,124.0,2.141,15.49,0,433.3,328.3
block_2.0m_s1.0,1791449432.799405,kept,,1,130.0,2.148,16.35,0,433.3,328.0
block_2.0m_s1.0,1791449432.832742,kept,,1,125.5,2.141,15.68,0,433.3,328.1
block_2.0m_s1.0,1791449432.86608,kept,,1,125.5,2.156,15.9,0,433.3,328.1
block_2.0m_s1.0,1791449432.899418,kept,,1,129.0,2.156,16.34,0,433.3,327.9
block_2.0m_s1.0,1791449432.99943,kept,,1,122.5,2.148,15.4,0,433.3,328.1
block_2.0m_s1.0,1791449433.032768,kept,,1,117.0,2.133,14.51,0,433.4,327.2
block_2.0m_s1.0,1791449433.066105,kept,,1,122.0,2.133,15.13,0,433.3,328.2
block_2.0m_s1.0,1791449433.13278,kept,,1,129.0,2.133,15.99,0,433.3,327.9
block_2.0m_s1.0,1791449433.166156,kept,,1,129.0,2.163,16.45,0,433.3,327.9
block_2.0m_s1.0,1791449433.199507,kept,,1,124.0,2.163,15.81,0,433.3,327.5
block_2.0m_s1.0,1791449433.232859,kept,,1,125.5,2.156,15.9,0,433.3,328.1
block_2.0m_s1.0,1791449433.299561,kept,,1,125.5,2.141,15.68,0,433.3,328.1
block_2.0m_s1.0,1791449433.366263,kept,,1,125.5,2.133,15.56,0,433.3,328.1
block_2.0m_s1.0,1791449433.399614,kept,,1,129.0,2.141,16.11,0,433.3,327.9
block_2.0m_s1.0,1791449433.466316,kept,,1,135.0,2.148,16.97,0,433.1,327.8
block_2.0m_s1.0,1791449433.499668,kept,,1,100.0,2.148,12.57,0,433.6,325.9
block_2.0m_s1.0,1791449433.566369,kept,,1,127.5,2.148,16.03,0,433.3,327.8
block_2.0m_s1.0,1791449433.633071,kept,,1,124.0,2.126,15.27,0,433.3,327.5
block_2.0m_s1.0,1791449433.666422,kept,,1,123.0,2.148,15.47,0,433.3,327.4
block_2.0m_s1.0,1791449433.699773,kept,,1,130.5,2.141,16.3,0,433.2,327.9
block_2.0m_s1.0,1791449433.733124,kept,,1,132.0,2.179,17.08,0,433.2,328.4
block_2.0m_s1.0,1791449433.799825,kept,,1,127.5,2.133,15.81,0,433.2,328.0
block_2.0m_s1.0,1791449433.866527,kept,,1,131.5,2.148,16.53,0,433.2,328.1
block_2.0m_s1.0,1791449433.899877,kept,,1,118.5,2.126,14.6,0,433.4,327.9
block_2.0m_s1.0,1791449433.966578,kept,,1,118.5,2.144,14.85,0,433.4,328.1
block_2.0m_s1.0,1791449433.999929,kept,,1,118.5,2.163,15.11,0,433.4,327.9
block_2.0m_s1.0,1791449434.06663,kept,,1,128.0,2.156,16.21,0,433.2,327.8
block_2.0m_s1.0,1791449434.09998,kept,,1,128.0,2.141,15.99,0,433.3,327.8
block_2.0m_s1.0,1791449434.133331,kept,,1,123.0,2.141,15.36,0,433.2,328.0
block_2.0m_s1.0,1791449434.200072,kept,,1,110.0,2.156,13.93,0,433.5,326.5
block_2.0m_s1.0,1791449434.233443,kept,,1,110.0,2.119,13.46,0,433.4,328.3
block_2.0m_s1.0,1791449434.300185,kept,,1,115.5,2.148,14.52,0,433.4,327.3
block_2.0m_s1.0,1791449434.333556,kept,,1,126.5,2.163,16.13,0,433.3,327.7
block_2.0m_s1.0,1791449434.400298,kept,,1,125.5,2.126,15.46,0,433.3,328.1
block_2.0m_s1.0,1791449434.433669,kept,,1,112.5,2.133,13.95,0,433.5,328.0
block_2.0m_s1.0,1791449434.467041,kept,,1,123.0,2.156,15.58,0,433.3,328.3
block_2.0m_s1.0,1791449434.767386,kept,,1,127.5,2.156,16.15,0,433.2,328.0
block_2.0m_s1.0,1791449434.800758,kept,,1,125.5,2.156,15.9,0,433.3,327.6
block_2.0m_s1.0,1791449434.83413,kept,,1,111.5,2.141,13.93,0,433.5,327.5
block_2.0m_s1.0,1791449434.867502,kept,,1,123.0,2.119,15.05,0,433.3,328.0
block_2.0m_s1.0,1791449434.900875,kept,,1,127.5,2.148,16.03,0,433.3,327.8
block_2.0m_s1.0,1791449434.934247,kept,,1,118.5,2.133,14.69,0,433.3,327.7
block_2.0m_s1.0,1791449434.967619,kept,,1,122.0,2.133,15.13,0,433.3,328.4
block_2.0m_s1.0,1791449435.000992,kept,,1,118.5,2.148,14.9,0,433.4,327.9
block_2.0m_s1.0,1791449435.034364,kept,,1,103.0,2.141,12.87,0,433.3,328.8
block_2.0m_s1.0,1791449435.067737,kept,,1,124.0,2.156,15.71,0,433.3,327.5
block_2.0m_s1.0,1791449435.134483,kept,,1,124.0,2.156,15.71,0,433.3,328.0
block_2.0m_s1.0,1791449435.167919,kept,,1,123.5,2.141,15.43,0,433.3,328.2
block_2.0m_s1.0,1791449435.234593,kept,,1,125.5,2.156,15.9,0,433.3,328.1
block_2.0m_s1.0,1791449435.267931,kept,,1,117.0,2.133,14.51,0,433.3,328.5
block_2.0m_s1.0,1791449435.334605,kept,,1,120.5,2.148,15.15,0,433.3,327.7
block_2.0m_s1.0,1791449435.367941,kept,,1,118.5,2.141,14.8,0,433.4,327.9
block_2.0m_s1.0,1791449435.401278,kept,,1,104.5,2.156,13.24,0,433.5,326.5
block_2.0m_s1.0,1791449435.467952,kept,,1,121.0,2.133,15.0,0,433.4,328.1
block_2.0m_s1.0,1791449435.501289,kept,,1,120.5,2.148,15.15,0,433.3,328.3
block_2.0m_s1.0,1791449435.567962,kept,,1,115.0,2.171,14.77,0,433.4,327.5
block_2.0m_s0.5,1791449445.007711,kept,,1,102.0,2.163,13.0,0,432.8,327.3
block_2.0m_s0.5,1791449445.407827,kept,,1,102.0,2.163,13.0,0,432.8,327.3
block_2.0m_s0.5,1791449446.241811,kept,,1,108.0,2.141,13.49,0,432.9,327.9
block_2.0m_s0.5,1791449446.90903,kept,,1,102.0,2.141,12.74,0,432.8,327.3
block_2.0m_s0.5,1791449447.50944,kept,,1,102.0,2.148,12.83,0,432.8,327.3
