t_after_kill_s,line
0.08089,S 20755932 -3.43 11.87 -16.49 4.12 TRACK
0.1009,S 20755952 -3.87 12.04 -16.49 4.12 TRACK
0.1216,S 20755972 -4.22 12.13 -16.49 4.12 TRACK
0.1407,S 20755992 -4.57 12.22 -16.49 4.12 TRACK
0.1612,S 20756012 -4.92 12.22 -16.49 4.12 TRACK
0.1808,S 20756032 -5.27 12.22 -16.49 2.75 TRACK
0.2011,S 20756052 -5.62 12.22 -16.49 1.37 TRACK
0.2235,S 20756072 -5.98 12.30 -16.49 1.37 TRACK
0.2412,S 20756092 -6.42 12.39 -16.49 1.37 TRACK
0.2613,S 20756112 -6.77 12.57 -16.49 2.75 TRACK
0.2839,S 20756132 -7.12 12.66 -16.49 4.12 TRACK
0.2975,E 1 command timeout; stop
0.3011,S 20756152 -7.47 12.83 -16.49 5.50 HOLD
0.3211,S 20756172 -7.82 12.83 -16.49 5.50 HOLD
0.3425,S 20756192 -8.09 12.92 -16.49 5.50 HOLD
0.3611,S 20756212 -8.35 12.92 -15.11 2.75 HOLD
0.3805,S 20756232 -8.44 12.92 -12.37 0.00 HOLD
0.4025,S 20756252 -8.44 12.92 -8.24 0.00 HOLD
0.4222,S 20756272 -8.44 12.92 -4.12 0.00 HOLD
0.4432,S 20756292 -8.44 12.83 -1.37 0.00 HOLD
0.4615,S 20756312 -8.44 12.92 0.00 0.00 HOLD
0.4817,S 20756332 -8.44 12.92 0.00 0.00 HOLD
0.5006,S 20756352 -8.44 12.92 0.00 0.00 HOLD
0.5211,S 20756372 -8.44 12.83 0.00 0.00 HOLD
0.5415,S 20756392 -8.44 12.92 0.00 0.00 HOLD
0.5606,S 20756412 -8.44 12.92 0.00 0.00 HOLD
0.5808,S 20756432 -8.44 12.83 0.00 0.00 HOLD
0.6006,S 20756452 -8.44 12.92 0.00 0.00 HOLD
0.6214,S 20756472 -8.44 12.83 0.00 0.00 HOLD
0.6408,S 20756492 -8.44 12.92 0.00 0.00 HOLD
0.6616,S 20756512 -8.44 12.83 0.00 0.00 HOLD
0.6812,S 20756532 -8.44 12.92 0.00 0.00 HOLD
0.7009,S 20756552 -8.44 12.83 0.00 0.00 HOLD
0.7225,S 20756572 -8.44 12.83 0.00 0.00 HOLD
0.7419,S 20756592 -8.44 12.83 0.00 0.00 HOLD
0.7613,S 20756612 -8.44 12.92 0.00 0.00 HOLD
0.7808,S 20756632 -8.44 12.92 0.00 0.00 HOLD
0.801,S 20756652 -8.44 12.83 0.00 0.00 HOLD
0.8232,S 20756672 -8.44 12.83 0.00 0.00 HOLD
0.8411,S 20756692 -8.44 12.92 0.00 0.00 HOLD
0.8607,S 20756712 -8.44 12.83 0.00 0.00 HOLD
0.8833,S 20756732 -8.44 12.83 0.00 0.00 HOLD
0.9009,S 20756752 -8.44 12.92 0.00 0.00 HOLD
0.9223,S 20756772 -8.44 12.92 0.00 0.00 HOLD
0.9422,S 20756792 -8.44 12.92 0.00 0.00 HOLD
0.9607,S 20756812 -8.44 12.83 0.00 0.00 HOLD
0.9811,S 20756832 -8.44 12.83 0.00 0.00 HOLD
1.001,S 20756852 -8.44 12.92 0.00 0.00 HOLD
1.021,S 20756872 -8.44 12.92 0.00 0.00 HOLD
1.043,S 20756892 -8.44 12.92 0.00 0.00 HOLD
1.061,S 20756912 -8.44 12.92 0.00 0.00 HOLD
1.086,S 20756932 -8.44 12.92 0.00 0.00 HOLD
1.102,S 20756952 -8.44 12.92 0.00 0.00 HOLD
1.121,S 20756972 -8.44 12.83 0.00 0.00 HOLD
1.141,S 20756992 -8.44 12.92 0.00 0.00 HOLD
1.161,S 20757012 -8.44 12.83 0.00 0.00 HOLD
1.183,S 20757032 -8.44 12.83 0.00 0.00 HOLD
1.201,S 20757052 -8.44 12.83 0.00 0.00 HOLD
1.221,S 20757072 -8.44 12.92 0.00 0.00 HOLD
1.242,S 20757092 -8.44 12.83 0.00 0.00 HOLD
1.261,S 20757112 -8.44 12.92 0.00 0.00 HOLD
1.281,S 20757132 -8.44 12.92 0.00 0.00 HOLD
1.301,S 20757152 -8.44 12.92 0.00 0.00 HOLD
1.321,S 20757172 -8.44 12.83 0.00 0.00 HOLD
1.349,S 20757192 -8.44 12.92 0.00 0.00 HOLD
1.361,S 20757212 -8.44 12.92 0.00 0.00 HOLD
1.383,S 20757232 -8.44 12.92 0.00 0.00 HOLD
1.401,S 20757252 -8.44 12.83 0.00 0.00 HOLD
1.421,S 20757272 -8.44 12.92 0.00 0.00 HOLD
1.445,S 20757292 -8.44 12.92 0.00 0.00 HOLD
1.461,S 20757312 -8.44 12.92 0.00 0.00 HOLD
1.482,S 20757332 -8.44 12.92 0.00 0.00 HOLD
1.501,S 20757352 -8.44 12.83 0.00 0.00 HOLD
1.522,S 20757372 -8.44 12.92 0.00 0.00 HOLD
1.549,S 20757392 -8.44 12.92 0.00 0.00 HOLD
1.561,S 20757412 -8.44 12.92 0.00 0.00 HOLD
1.583,S 20757432 -8.44 12.92 0.00 0.00 HOLD
