t_after_kill_s,pan_dps,tilt_dps
-4.408,0,0
-4.396,0,0
-4.391,0,0
-4.386,0,0
-4.382,0,0
-4.378,0,0
-4.374,0,0
-4.366,0,0
-4.361,0,0
-4.357,0,0
-4.353,0,0
-4.349,0,0
-4.345,0,0
-4.342,0,0
-4.341,0,0
-4.339,0,0
-4.336,0,0
-4.332,0,0
-4.326,0,0
-4.324,0,0
-4.321,0,0
-4.317,0,0
-4.315,0,0
-4.313,0,0
-4.309,0,0
-4.306,0,0
-4.304,0,0
-4.301,0,0
-4.298,0,0
-4.293,0,0
-4.288,0,0
-4.285,0,0
-4.281,0,0
-4.279,0,0
-4.276,0,0
-4.274,0,0
-4.271,0,0
-4.266,0,0
-4.263,0,0
-4.26,0,0
-4.258,0,0
-4.254,0,0
-4.249,0,0
-4.246,0,0
-4.244,0,0
-4.241,0,0
-4.236,0,0
-4.234,0,0
-4.231,0,0
-4.229,0,0
-4.225,0,0
-4.223,0,0
-4.222,0,0
-4.219,0,0
-4.206,0,0
-4.204,0,0
-4.202,0,0
-4.2,0,0
-4.196,0,0
-4.193,0,0
-4.19,0,0
-4.169,0,0
-4.154,-1.37,0
-4.136,-5.5,2.75
-4.123,-9.62,8.24
-4.102,-12.37,16.49
-4.078,-13.74,23.36
-4.065,-16.49,28.85
-4.04,-20.61,32.98
-4.016,-23.36,37.1
-4.003,-24.73,38.47
-3.975,-24.73,39.85
-3.962,-24.73,41.22
-3.94,-24.73,41.22
-3.924,-24.73,41.22
-3.906,-24.73,41.22
-3.884,-23.36,41.22
-3.864,-23.36,43.97
-3.836,-23.36,43.97
-3.824,-21.98,42.59
-3.803,-21.98,35.72
-3.783,-20.61,30.23
-3.764,-19.24,30.23
-3.746,-17.86,31.6
-3.722,-16.49,31.6
-3.704,-15.11,28.85
-3.684,-13.74,23.36
-3.66,-12.37,17.86
-3.641,-10.99,13.74
-3.622,-9.62,10.99
-3.602,-9.62,8.24
-3.58,-8.24,6.87
-3.561,-6.87,5.5
-3.536,-5.5,4.12
-3.517,-5.5,2.75
-3.501,-5.5,0
-3.481,-4.12,0
-3.459,-4.12,0
-3.443,-1.37,0
-3.421,-1.37,0
-3.399,0,-1.37
-3.378,0,-2.75
-3.36,0,-4.12
-3.337,0,-4.12
-3.318,0,-4.12
-3.299,0,-4.12
-3.28,0,-2.75
-3.266,0,-2.75
-3.24,0,-2.75
-3.222,0,-2.75
-3.199,0,-4.12
-3.183,0,-4.12
-3.16,0,-4.12
-3.143,0,-4.12
-3.12,0,-4.12
-3.104,0,-2.75
-3.079,0,-2.75
-3.061,0,-2.75
-3.041,0,-2.75
-3.023,0,-2.75
-2.998,0,-2.75
-2.982,0,-1.37
-2.962,0,0
-2.941,0,0
-2.915,0,0
-2.904,0,0
-2.882,0,0
-2.863,0,0
-2.841,0,0
-2.814,0,0
-2.799,0,-1.37
-2.783,0,-2.75
-2.763,0,-2.75
-2.745,0,-2.75
-2.716,0,-2.75
-2.704,0,-2.75
-2.68,0,-2.75
-2.663,0,-2.75
-2.641,1.37,-2.75
-2.623,2.75,-2.75
-2.601,4.12,-2.75
-2.579,4.12,-2.75
-2.564,5.5,-2.75
-2.536,5.5,-4.12
-2.522,5.5,-4.12
-2.499,4.12,-4.12
-2.481,4.12,-2.75
-2.46,4.12,-2.75
-2.439,5.5,-2.75
-2.421,5.5,-4.12
-2.402,5.5,-4.12
-2.381,5.5,-4.12
-2.355,5.5,-4.12
-2.34,5.5,-4.12
-2.321,5.5,-4.12
-2.301,5.5,-4.12
-2.282,5.5,-4.12
-2.264,6.87,-4.12
-2.243,6.87,-4.12
-2.217,6.87,-4.12
-2.191,6.87,-4.12
-2.167,6.87,-5.5
-2.157,6.87,-5.5
-2.14,5.5,-5.5
-2.103,5.5,-4.12
-2.098,6.87,-4.12
-2.078,8.24,-4.12
-2.062,9.62,-4.12
-2.041,9.62,-4.12
-2.015,8.24,-4.12
-1.997,6.87,-4.12
-1.985,6.87,-4.12
-1.957,5.5,-4.12
-1.925,5.5,-4.12
-1.904,5.5,-4.12
-1.9,5.5,-4.12
-1.872,5.5,-2.75
-1.853,5.5,-1.37
-1.839,5.5,0
-1.812,5.5,0
-1.789,6.87,0
-1.76,6.87,0
-1.746,6.87,0
-1.738,5.5,0
-1.707,5.5,0
-1.696,5.5,0
-1.681,6.87,0
-1.658,6.87,0
-1.641,6.87,0
-1.613,5.5,0
-1.594,5.5,0
-1.575,5.5,0
-1.554,5.5,0
-1.537,5.5,0
-1.515,5.5,0
-1.497,5.5,0
-1.479,5.5,0
-1.455,5.5,-1.37
-1.439,5.5,-2.75
-1.413,5.5,-2.75
-1.401,6.87,-2.75
-1.377,6.87,-2.75
-1.363,5.5,-4.12
-1.342,5.5,-4.12
-1.324,5.5,-4.12
-1.302,5.5,-2.75
-1.283,5.5,-2.75
-1.263,5.5,-2.75
-1.244,5.5,-2.75
-1.219,5.5,-2.75
-1.196,5.5,-4.12
-1.179,5.5,-4.12
-1.16,5.5,-2.75
-1.131,4.12,-1.37
-1.12,4.12,0
-1.101,4.12,0
-1.081,4.12,0
-1.063,4.12,0
-1.043,2.75,0
-1.025,2.75,0
-1.003,2.75,0
-0.984,1.37,0
-0.9608,1.37,0
-0.9435,0,0
-0.9246,0,0
-0.9048,0,0
-0.8802,0,0
-0.8519,0,0
-0.833,0,0
-0.8149,0,0
-0.7997,0,0
-0.7847,0,0
-0.7641,0,0
-0.7406,0,0
-0.7194,0,0
-0.7027,0,0
-0.6811,0,0
-0.6622,0,0
-0.6391,0,0
-0.6188,0,0
-0.5944,0,0
-0.5813,0,0
-0.5553,0,0
-0.5442,0,0
-0.5186,0,0
-0.5015,-1.37,0
-0.4725,-2.75,0
-0.4398,-4.12,0
-0.4309,-4.12,0
-0.4074,-4.12,0
-0.4005,-2.75,0
-0.3729,-2.75,0
-0.3534,-2.75,0
-0.3387,-4.12,0
-0.3053,-4.12,0
-0.2975,-2.75,0
-0.276,-4.12,0
-0.2594,-4.12,-1.37
-0.2368,-5.5,-2.75
-0.2245,-6.87,-4.12
-0.1977,-8.24,-4.12
-0.1734,-8.24,-4.12
-0.1585,-8.24,-4.12
-0.136,-8.24,-2.75
-0.1148,-8.24,-2.75
-0.097,-6.87,-2.75
0.004515,-6.87,-4.12
0.008643,-8.24,-4.12
0.01239,-8.24,-4.12
0.01552,-9.62,-2.75
0.01944,-9.62,-1.37
0.02192,-9.62,-1.37
0.04139,-9.62,-1.37
0.05649,-9.62,-1.37
0.07635,-9.62,-2.75
0.09884,-9.62,-2.75
0.1152,-9.62,-2.75
0.14,-9.62,-2.75
0.1565,-9.62,-1.37
0.177,-9.62,-1.37
0.2002,-9.62,-1.37
0.2171,-9.62,-2.75
0.2363,-9.62,-2.75
0.2599,-8.24,-2.75
0.2793,-6.87,-1.37
0.2974,-5.5,0
0.3215,-2.75,0
0.3389,0,0
0.3566,0,0
0.3793,0,0
0.3962,0,0
0.4166,0,0
0.4395,0,0
0.4567,0,0
0.4774,0,0
0.4975,0,0
0.5206,0,0
0.5364,0,0
0.557,0,0
0.5784,0,0
0.5944,0,0
0.622,0,0
0.6367,0,0
0.6556,0,0
0.6794,0,0
0.6943,0,0
0.7221,0,0
0.7371,0,0
0.7564,0,0
0.7779,0,0
0.7942,0,0
0.8223,0,0
0.8389,0,0
0.8565,0,0
0.8771,0,0
0.8945,0,0
0.9226,0,0
0.9359,0,0
0.9566,0,0
0.9779,0,0
0.9944,0,0
1.023,0,0
1.039,0,0
1.056,0,0
1.076,0,0
1.094,0,0
1.121,0,0
1.136,0,0
1.156,0,0
1.174,0,0
1.196,0,0
1.221,0,0
1.237,0,0
1.258,0,0
1.276,0,0
1.294,0,0
1.321,0,0
1.337,0,0
1.356,0,0
1.377,0,0
1.394,0,0
1.422,0,0
1.437,0,0
1.456,0,0
1.476,0,0
1.494,0,0
1.521,0,0
1.536,0,0
1.556,0,0
1.574,0,0
1.594,0,0
1.621,0,0
1.637,0,0
1.657,0,0
1.676,0,0
1.694,0,0
1.722,0,0
1.739,0,0
1.757,0,0
1.774,0,0
1.794,0,0
1.821,0,0
1.837,0,0
1.857,0,0
1.874,0,0
1.894,0,0
1.923,0,0
1.936,0,0
1.958,0,0
1.976,0,0
1.995,0,0
