frame,label,found_1.0,ex_1.0,ey_1.0,area_ratio_1.0,ms_1.0,found_0.5,ex_0.5,ey_0.5,area_ratio_0.5,ms_0.5,abs_dex,abs_dey
results/logs/perception/issue34-present-color-review-001/present-001/original.png,present,1,-0.27201796902707176,0.16527827034979173,0.013767903645833333,5.92,1,-0.2728946737044146,0.16263329068031568,0.013567708333333333,2.95,0.0008767046773428544,0.0026449796694760497
results/logs/perception/issue34-present-color-review-001/present-002/original.png,present,1,-0.2721638240751708,0.16507511153223575,0.013741861979166667,4.964,1,-0.27323987351905227,0.16252801793147617,0.0135546875,2.883,0.001076049443881455,0.0025470936007595812
results/logs/perception/issue34-present-color-review-001/present-003/original.png,present,1,-0.27207091317719423,0.16438323081775888,0.013759765625,6.06,1,-0.27299275188210803,0.16176517699823806,0.013548177083333333,2.873,0.0009218387049138022,0.0026180538195208214
results/logs/perception/issue34-present-color-review-001/present-004/original.png,present,1,-0.2725195090666981,0.16476797999973888,0.0138525390625,5.924,1,-0.2731087896253602,0.16221314974917267,0.0135546875,2.887,0.0005892805586621419,0.0025548302505662146
results/logs/perception/issue34-present-color-review-001/present-005/original.png,present,1,-0.2718308563861095,0.16500032698973233,0.013826497395833333,5.968,1,-0.27372668579626974,0.16194271746639022,0.01361328125,2.872,0.0018958294101602546,0.0030576095233421086
results/logs/perception/issue34-present-color-review-001/present-006/original.png,present,1,-0.27218446649444183,0.1641488570533897,0.013860677083333333,4.905,1,-0.27333094327597196,0.16151874867219032,0.013619791666666667,2.861,0.0011464767815301258,0.0026301083811993697
results/logs/perception/issue34-present-color-review-001/present-007/original.png,present,1,-0.27228341535817524,0.16398149233132814,0.013889973958333333,5.931,1,-0.2738011661113755,0.1611177217198159,0.013678385416666666,2.869,0.0015177507532002643,0.002863770611512245
results/logs/perception/issue34-present-color-review-001/present-008/original.png,present,1,-0.27169955496870113,0.16468798904538343,0.0138671875,5.928,1,-0.2733205374280231,0.1625893047558113,0.013567708333333333,2.869,0.0016209824593219624,0.0020986842895721336
results/logs/perception/issue34-present-color-review-001/present-009/original.png,present,1,-0.27139783597071326,0.16424447593554797,0.013782552083333333,4.886,1,-0.27289557216329163,0.161717829208186,0.013502604166666666,2.87,0.0014977361925783694,0.0025266467273619697
results/logs/perception/issue34-present-color-review-001/present-010/original.png,present,1,-0.2704097644301434,0.16343056052119329,0.0136572265625,5.902,1,-0.2720349071832123,0.16129943502824867,0.013444010416666667,2.864,0.0016251427530689089,0.0021311254929446133
results/logs/perception/issue34-present-color-review-001/present-011/original.png,present,1,-0.27147171050033564,0.16351735576353524,0.013738606770833333,5.956,1,-0.27313802083333333,0.16100827991452984,0.013541666666666667,2.872,0.0016663103329976892,0.0025090758490053933
results/logs/perception/issue34-present-color-review-001/present-012/original.png,present,1,-0.2717406990076306,0.16309799153916107,0.013722330729166666,4.914,1,-0.2729668191301557,0.1610054565880276,0.013522135416666666,2.872,0.0012261201225250984,0.0020925349511334845
results/logs/perception/issue34-present-color-review-001/present-013/original.png,present,1,-0.27267775116315746,0.16490320164024913,0.013759765625,5.956,1,-0.27349636813537687,0.16135190506598535,0.01359375,2.871,0.0008186169722194103,0.0035512965742637848
results/logs/perception/issue34-present-color-review-001/present-014/original.png,present,1,-0.27144956010280746,0.16579807565572674,0.013720703125,5.949,1,-0.2724815849117695,0.16316172899465756,0.013404947916666667,2.859,0.0010320248089620288,0.0026363466610691833
results/logs/perception/issue34-present-color-review-001/present-015/original.png,present,1,-0.2722071952228923,0.16550704216099726,0.0137646484375,4.897,1,-0.27364255640292345,0.16180621756169888,0.013658854166666666,2.869,0.0014353611800311805,0.00370082459929838
results/logs/perception/issue34-present-color-review-001/present-016/original.png,present,1,-0.27198874166962417,0.1649521208775319,0.013758138020833333,5.915,1,-0.2734722222222222,0.16223820943245404,0.01357421875,2.876,0.0014834805525980599,0.002713911445077849
results/logs/perception/issue34-present-color-review-001/present-017/original.png,present,1,-0.2717380556873913,0.16514478853556913,0.013717447916666667,5.915,1,-0.27285250240615977,0.16264971660784938,0.013528645833333333,2.861,0.0011144467187684803,0.0024950719277197497
results/logs/perception/issue34-present-color-review-001/present-018/original.png,present,1,-0.272215313750883,0.1649528752321899,0.013824869791666666,4.863,1,-0.2732082933844679,0.16265580057526374,0.013580729166666666,2.884,0.0009929796335849117,0.0022970746569261624
results/logs/perception/issue34-present-color-review-001/present-019/original.png,present,1,-0.2720734009621831,0.16552785335909662,0.013758138020833333,5.91,1,-0.27341507177033497,0.1622581073896863,0.013606770833333334,2.868,0.0013416708081518958,0.0032697459694103204
results/logs/perception/issue34-present-color-review-001/present-020/original.png,present,1,-0.2721843314790705,0.16434127641666998,0.013751627604166667,5.94,1,-0.2728210547504026,0.16164519592055815,0.0134765625,2.883,0.0006367232713320736,0.0026960804961118356
results/logs/perception/issue34-present-color-review-001/present-021/original.png,present,1,-0.27268742859394085,0.16512101275131646,0.013771158854166667,4.888,1,-0.27349381977671455,0.16192317916002116,0.013606770833333334,2.959,0.0008063911827737025,0.0031978335912953015
results/logs/perception/issue34-present-color-review-001/present-022/original.png,present,1,-0.27244827519153747,0.1652813427708421,0.0139501953125,5.911,1,-0.2738099491821503,0.1622399555343814,0.013665364583333334,2.878,0.0013616739906128217,0.0030413872364607186
results/logs/perception/issue34-present-color-review-001/present-023/original.png,present,1,-0.27176369387593213,0.1646244843725211,0.013678385416666666,5.949,1,-0.2727330202312139,0.16203302290730026,0.013515625,2.866,0.000969326355281741,0.002591461465220851
results/logs/perception/issue34-present-color-review-001/present-024/original.png,present,1,-0.2727137970912228,0.16517503626171148,0.013839518229166667,4.88,1,-0.27359484544295737,0.16208572339069463,0.013619791666666667,2.87,0.0008810483517345813,0.0030893128710168527
results/logs/perception/issue34-present-color-review-001/present-025/original.png,present,1,-0.2717972875778356,0.1640585179054675,0.013766276041666666,5.916,1,-0.27255281406224807,0.1613839165725956,0.01345703125,2.872,0.000755526484412461,0.0026746013328718954
results/logs/perception/issue34-present-color-review-001/present-026/original.png,present,1,-0.272186716423758,0.16431773363631616,0.01384765625,5.914,1,-0.27291867469879516,0.16193708165997311,0.013509114583333334,2.873,0.0007319582750371367,0.0023806519763430456
results/logs/perception/issue34-present-color-review-001/present-027/original.png,present,1,-0.27191881584615996,0.1643126868496978,0.0138525390625,4.869,1,-0.27313795853269546,0.16166002126528436,0.013606770833333334,2.877,0.0012191426865355015,0.002652665584413433
results/logs/perception/issue34-present-color-review-001/present-028/original.png,present,1,-0.27241916695909857,0.16500337921264338,0.013914388020833333,5.934,1,-0.2738693864642632,0.16207569049125017,0.013723958333333333,2.868,0.0014502195051646072,0.002927688721393207
results/logs/perception/issue34-present-color-review-001/present-029/original.png,present,1,-0.27177317001180634,0.16479879968516328,0.013785807291666667,5.907,1,-0.27332334132693853,0.16150013322675177,0.01357421875,2.874,0.0015501713151321872,0.003298666458411509
results/logs/perception/issue34-present-color-review-001/present-030/original.png,present,1,-0.27254824845134484,0.1649267165895606,0.013837890625,4.889,1,-0.27360050890585247,0.1615471268023749,0.013645833333333333,2.867,0.0010522604545076253,0.003379589787185694
results/logs/perception/issue34-forty-frame-evaluation-002/absent-001/original.png,absent,0,0.0,0.0,0.0,5.833,0,0.0,0.0,0.0,2.428,,
results/logs/perception/issue34-forty-frame-evaluation-002/absent-002/original.png,absent,0,0.0,0.0,0.0,5.797,0,0.0,0.0,0.0,2.424,,
results/logs/perception/issue34-forty-frame-evaluation-002/absent-003/original.png,absent,0,0.0,0.0,0.0,4.774,0,0.0,0.0,0.0,2.428,,
results/logs/perception/issue34-forty-frame-evaluation-002/absent-004/original.png,absent,0,0.0,0.0,0.0,5.797,0,0.0,0.0,0.0,2.41,,
results/logs/perception/issue34-forty-frame-evaluation-002/absent-005/original.png,absent,0,0.0,0.0,0.0,5.823,0,0.0,0.0,0.0,2.417,,
results/logs/perception/issue34-forty-frame-evaluation-002/absent-006/original.png,absent,0,0.0,0.0,0.0,4.775,0,0.0,0.0,0.0,2.414,,
results/logs/perception/issue34-forty-frame-evaluation-002/absent-007/original.png,absent,0,0.0,0.0,0.0,5.798,0,0.0,0.0,0.0,2.421,,
results/logs/perception/issue34-forty-frame-evaluation-002/absent-008/original.png,absent,0,0.0,0.0,0.0,5.825,0,0.0,0.0,0.0,2.428,,
results/logs/perception/issue34-forty-frame-evaluation-002/absent-009/original.png,absent,0,0.0,0.0,0.0,4.797,0,0.0,0.0,0.0,2.407,,
results/logs/perception/issue34-forty-frame-evaluation-002/absent-010/original.png,absent,0,0.0,0.0,0.0,5.796,0,0.0,0.0,0.0,2.423,,
