t_s,status,pan_cmd,tilt_cmd
0.8702,LOST:input_timeout,0,0
0.8904,LOST:input_timeout,0,0
0.9118,LOST:input_timeout,0,0
0.9504,LOST:input_timeout,0,0
0.9704,LOST:input_timeout,0,0
0.9916,LOST:input_timeout,0,0
1.031,LOST:input_timeout,0,0
1.052,LOST:input_timeout,0,0
1.072,LOST:input_timeout,0,0
1.11,LOST:input_timeout,0,0
1.131,LOST:input_timeout,0,0
1.152,LOST:input_timeout,0,0
1.19,LOST:input_timeout,0,0
1.211,LOST:input_timeout,0,0
1.232,LOST:input_timeout,0,0
1.27,LOST:input_timeout,0,0
1.292,LOST:input_timeout,0,0
1.312,LOST:input_timeout,0,0
1.332,LOST:input_timeout,0,0
1.37,LOST:input_timeout,0,0
1.392,LOST:input_timeout,0,0
1.43,LOST:input_timeout,0,0
1.45,LOST:input_timeout,0,0
1.47,LOST:input_timeout,0,0
1.492,LOST:input_timeout,0,0
1.512,LOST:input_timeout,0,0
1.55,LOST:input_timeout,0,0
1.572,LOST:input_timeout,0,0
1.592,LOST:input_timeout,0,0
1.63,LOST:input_timeout,0,0
1.65,LOST:input_timeout,0,0
1.672,LOST:input_timeout,0,0
1.692,LOST:input_timeout,0,0
1.73,LOST:input_timeout,0,0
1.752,LOST:input_timeout,0,0
1.772,LOST:input_timeout,0,0
1.81,LOST:input_timeout,0,0
1.832,LOST:input_timeout,0,0
1.852,LOST:input_timeout,0,0
1.874,LOST:input_timeout,0,0
1.91,LOST:input_timeout,0,0
1.931,LOST:input_timeout,0,0
1.952,LOST:input_timeout,0,0
1.99,LOST:input_timeout,0,0
2.011,LOST:input_timeout,0,0
2.032,LOST:input_timeout,0,0
2.07,LOST:input_timeout,0,0
2.09,LOST:input_timeout,0,0
2.112,LOST:input_timeout,0,0
2.132,LOST:input_timeout,0,0
2.17,LOST:input_timeout,0,0
2.192,LOST:input_timeout,0,0
2.232,LOST:input_timeout,0,0
2.272,LOST:confirming_1/3,0,0
2.293,LOST:confirming_2/3,0,0
2.316,TRACKING:reacquired_in_view,0,0
2.341,TRACKING:ok,0,0
2.371,TRACKING:ok,-2.312,0
2.392,TRACKING:ok,-2.312,0
2.413,TRACKING:ok,-2.808,0
2.434,TRACKING:ok,-3.171,0
2.471,TRACKING:ok,-3.493,0
2.494,TRACKING:ok,-3.937,0
2.532,TRACKING:ok,-3.937,0
2.572,TRACKING:ok,-4.445,0
2.593,TRACKING:ok,-4.858,0
2.632,TRACKING:ok,-4.858,0
2.67,TRACKING:ok,-5.21,0
2.692,TRACKING:ok,-5.21,0
2.73,TRACKING:ok,-5.713,0
2.753,TRACKING:ok,-5.836,0
2.775,TRACKING:ok,-5.836,0
2.809,TRACKING:ok,-6.158,0
2.83,TRACKING:ok,-6.257,0
2.853,TRACKING:ok,-6.311,0
2.875,TRACKING:ok,-6.311,0
2.908,TRACKING:ok,-6.634,0
2.93,TRACKING:ok,-6.701,0
2.952,TRACKING:ok,-6.701,0
2.973,TRACKING:ok,-6.732,0
3.008,TRACKING:ok,-7.038,0
3.03,TRACKING:ok,-7.038,0
3.052,TRACKING:ok,-7.062,0
3.077,TRACKING:ok,-7.062,0
3.108,TRACKING:ok,-7.346,0
3.13,TRACKING:ok,-7.328,0
3.152,TRACKING:ok,-7.328,0
3.176,TRACKING:ok,-7.318,0
3.208,TRACKING:ok,-7.572,0
3.23,TRACKING:ok,-7.552,0
3.252,TRACKING:ok,-7.552,0
3.272,TRACKING:ok,-7.508,0
3.293,TRACKING:ok,-7.761,0
3.314,TRACKING:ok,-7.761,0
3.342,TRACKING:ok,-7.72,0
3.372,TRACKING:ok,-7.651,0
3.392,TRACKING:ok,-7.936,0
3.431,TRACKING:ok,-7.936,0
3.452,TRACKING:ok,-7.739,0
3.473,TRACKING:ok,-7.739,0
3.51,TRACKING:ok,-7.992,0
3.533,TRACKING:ok,-7.878,0
3.57,TRACKING:ok,-7.797,0
3.592,TRACKING:ok,-7.797,0
3.613,TRACKING:ok,-8.072,0
3.633,TRACKING:ok,-7.969,0
3.672,TRACKING:ok,-7.869,0
3.693,TRACKING:ok,-8.133,0
3.713,TRACKING:ok,-8.133,0
3.744,TRACKING:ok,-8.017,0
3.77,TRACKING:ok,-7.929,0
3.792,TRACKING:ok,-7.929,0
3.813,TRACKING:ok,-8.152,0
3.833,TRACKING:ok,-8.048,0
3.87,TRACKING:ok,-7.935,0
3.891,TRACKING:ok,-7.935,0
3.912,TRACKING:ok,-8.051,0
3.933,TRACKING:ok,-8.051,0
3.97,TRACKING:ok,-7.949,0
3.992,TRACKING:ok,-7.949,0
4.031,TRACKING:ok,-8.051,0
4.051,TRACKING:ok,-7.943,0
4.071,TRACKING:ok,-7.943,0
4.093,TRACKING:ok,-8.172,0
4.13,TRACKING:ok,-8.172,0
4.15,TRACKING:ok,-8.051,0
4.17,TRACKING:ok,-7.936,0
4.19,TRACKING:ok,-7.936,0
4.211,TRACKING:ok,-8.02,0
4.232,TRACKING:ok,-8.02,0
4.272,TRACKING:ok,-7.889,0
4.294,TRACKING:ok,-8.125,0
4.331,TRACKING:ok,-7.985,0
4.351,TRACKING:ok,-7.867,0
4.372,TRACKING:ok,-7.867,0
4.393,TRACKING:ok,-8.09,0
4.414,TRACKING:ok,-8.09,0
4.442,TRACKING:ok,-7.956,0
4.472,TRACKING:ok,-7.839,0
4.494,TRACKING:ok,-8.046,0
4.53,TRACKING:ok,-7.905,0
4.552,TRACKING:ok,-7.796,0
4.573,TRACKING:ok,-7.796,0
4.608,TRACKING:ok,-7.988,0
4.632,TRACKING:ok,-7.866,0
4.67,TRACKING:ok,-7.727,0
4.691,TRACKING:ok,-7.727,0
4.712,TRACKING:ok,-7.945,0
4.732,TRACKING:ok,-7.812,0
4.77,TRACKING:ok,-7.679,0
4.79,TRACKING:ok,-7.679,0
4.811,TRACKING:ok,-7.885,0
4.831,TRACKING:ok,-7.885,0
4.852,TRACKING:ok,-7.604,0
4.874,TRACKING:ok,-7.604,0
4.91,TRACKING:ok,-7.823,0
4.931,TRACKING:ok,-7.669,0
4.971,TRACKING:ok,-7.555,0
4.991,TRACKING:ok,-7.555,0
5.012,TRACKING:ok,-7.764,0
5.032,TRACKING:ok,-7.632,0
5.07,TRACKING:ok,-7.499,0
5.091,TRACKING:ok,-7.499,0
5.112,TRACKING:ok,-7.695,0
5.141,TRACKING:ok,-7.549,0
5.17,TRACKING:ok,-7.436,0
5.191,TRACKING:ok,-7.436,0
5.213,TRACKING:ok,-7.619,0
5.233,TRACKING:ok,-7.488,0
5.271,TRACKING:ok,-7.358,0
5.291,TRACKING:ok,-7.358,0
5.312,TRACKING:ok,-7.548,0
5.341,TRACKING:ok,-7.419,0
5.37,TRACKING:ok,-7.281,0
5.392,TRACKING:ok,-7.281,0
5.412,TRACKING:ok,-7.453,0
5.434,TRACKING:ok,-7.331,0
5.47,TRACKING:ok,-7.203,0
5.491,TRACKING:ok,-7.203,0
5.512,TRACKING:ok,-7.402,0
5.534,TRACKING:ok,-7.266,0
5.572,TRACKING:ok,-7.135,0
5.592,TRACKING:ok,-7.318,0
5.631,TRACKING:ok,-7.318,0
5.671,TRACKING:ok,-7.062,0
5.692,TRACKING:ok,-7.248,0
5.713,TRACKING:ok,-7.115,0
5.742,TRACKING:ok,-7.115,0
5.77,TRACKING:ok,-6.996,0
5.792,TRACKING:ok,-6.996,0
5.812,TRACKING:ok,-7.175,0
5.834,TRACKING:ok,-7.031,0
5.87,TRACKING:ok,-6.907,0
5.892,TRACKING:ok,-7.092,0
5.913,TRACKING:ok,-7.092,0
5.934,TRACKING:ok,-6.97,0
5.97,TRACKING:ok,-6.825,0
5.991,TRACKING:ok,-6.825,0
6.011,TRACKING:ok,-6.997,0
6.032,TRACKING:ok,-6.997,0
6.071,TRACKING:ok,-6.747,0
6.091,TRACKING:ok,-6.747,0
6.112,TRACKING:ok,-6.923,0
6.132,TRACKING:ok,-6.923,0
6.17,TRACKING:ok,-6.661,0
6.191,TRACKING:ok,-6.661,0
6.212,TRACKING:ok,-6.837,0
6.233,TRACKING:ok,-6.837,0
6.27,LOST:no_detection,0,0
6.292,LOST:no_detection,0,0
6.313,LOST:no_detection,0,0
6.334,LOST:no_detection,0,0
6.372,LOST:no_detection,0,0
6.393,LOST:no_detection,0,0
6.43,LOST:no_detection,0,0
6.452,LOST:no_detection,0,0
6.473,LOST:no_detection,0,0
6.508,LOST:no_detection,0,0
6.534,SEARCHING:predicted,0,0
7.372,IDLE:disabled,0,0
7.393,IDLE:disabled,0,0
7.43,IDLE:disabled,0,0
7.45,IDLE:disabled,0,0
7.471,IDLE:disabled,0,0
7.494,IDLE:disabled,0,0
7.514,IDLE:disabled,0,0
7.542,IDLE:disabled,0,0
7.57,IDLE:disabled,0,0
7.593,IDLE:disabled,0,0
7.63,IDLE:disabled,0,0
7.65,IDLE:disabled,0,0
7.671,IDLE:disabled,0,0
7.692,IDLE:disabled,0,0
7.714,IDLE:disabled,0,0
7.741,IDLE:disabled,0,0
7.772,IDLE:disabled,0,0
7.792,IDLE:disabled,0,0
7.812,IDLE:disabled,0,0
7.841,IDLE:disabled,0,0
7.87,IDLE:disabled,0,0
7.89,IDLE:disabled,0,0
7.913,IDLE:disabled,0,0
7.934,IDLE:disabled,0,0
7.971,IDLE:disabled,0,0
7.994,IDLE:disabled,0,0
8.031,IDLE:disabled,0,0
8.051,IDLE:disabled,0,0
8.072,IDLE:disabled,0,0
8.093,IDLE:disabled,0,0
8.113,IDLE:disabled,0,0
8.141,IDLE:disabled,0,0
8.171,IDLE:disabled,0,0
8.193,IDLE:disabled,0,0
8.214,IDLE:disabled,0,0
8.241,IDLE:disabled,0,0
8.271,IDLE:disabled,0,0
8.293,IDLE:disabled,0,0
8.33,IDLE:disabled,0,0
8.351,IDLE:disabled,0,0
8.374,IDLE:disabled,0,0
8.408,IDLE:disabled,0,0
8.43,IDLE:disabled,0,0
8.451,IDLE:disabled,0,0
8.472,IDLE:disabled,0,0
8.493,IDLE:disabled,0,0
8.514,IDLE:disabled,0,0
8.541,IDLE:disabled,0,0
8.571,IDLE:disabled,0,0
8.593,IDLE:disabled,0,0
8.614,IDLE:disabled,0,0
8.634,IDLE:disabled,0,0
8.67,IDLE:disabled,0,0
8.691,IDLE:disabled,0,0
8.714,IDLE:disabled,0,0
8.741,IDLE:disabled,0,0
8.771,IDLE:disabled,0,0
8.792,IDLE:disabled,0,0
8.812,IDLE:disabled,0,0
8.833,IDLE:disabled,0,0
8.871,IDLE:disabled,0,0
8.891,IDLE:disabled,0,0
8.912,IDLE:disabled,0,0
8.934,IDLE:disabled,0,0
8.97,IDLE:disabled,0,0
8.991,IDLE:disabled,0,0
9.013,IDLE:disabled,0,0
