case,t_s,status,pan_cmd,tilt_cmd,publishing,last_pub_s
left,7.939e-05,LOST:confirming_1/3,0,0,1,7.939e-05
left,0.02117,LOST:confirming_1/3,0,0,1,7.939e-05
left,0.0398,LOST:confirming_2/3,0,0,1,0.0398
left,0.06008,LOST:confirming_2/3,0,0,1,0.0398
left,0.07968,TRACKING:reacquired_in_view,0,0,1,0.07968
left,0.1034,TRACKING:ok,23.87,0,1,0.1034
left,0.1198,TRACKING:ok,23.87,0,1,0.1034
left,0.1397,TRACKING:ok,23.87,0,1,0.1397
left,0.16,TRACKING:ok,23.87,0,1,0.1397
left,0.1813,TRACKING:ok,23.87,0,1,0.1813
left,0.2012,TRACKING:ok,23.87,0,1,0.2012
left,0.22,TRACKING:ok,23.87,0,1,0.2012
left,0.2405,TRACKING:ok,23.87,0,1,0.2405
left,0.2599,TRACKING:ok,23.87,0,1,0.2405
left,0.2814,TRACKING:ok,23.87,0,1,0.2814
left,0.3009,TRACKING:ok,23.87,0,1,0.3009
left,0.3197,TRACKING:ok,23.87,0,1,0.3009
left,0.3397,TRACKING:ok,23.87,0,1,0.3397
left,0.3598,TRACKING:ok,23.87,0,1,0.3397
left,0.3798,TRACKING:ok,23.87,0,1,0.3798
left,0.3997,TRACKING:ok,23.87,0,1,0.3798
left,0.4198,TRACKING:ok,23.87,0,1,0.4198
left,0.4403,TRACKING:ok,23.87,0,1,0.4403
left,0.4612,TRACKING:ok,23.87,0,1,0.4403
left,0.4797,TRACKING:ok,23.87,0,1,0.4797
left,0.4997,TRACKING:ok,23.87,0,1,0.4797
left,0.5202,TRACKING:ok,23.87,0,1,0.5202
left,0.5401,TRACKING:ok,23.87,0,1,0.5401
left,0.5601,TRACKING:ok,23.87,0,1,0.5401
left,0.5798,TRACKING:ok,23.87,0,1,0.5798
left,0.6005,TRACKING:ok,23.87,0,1,0.6005
left,0.6212,TRACKING:ok,23.87,0,1,0.6005
left,0.6403,TRACKING:ok,23.87,0,1,0.6403
left,0.6612,TRACKING:ok,23.87,0,1,0.6403
left,0.6802,TRACKING:ok,23.87,0,1,0.6802
left,0.7012,TRACKING:ok,23.87,0,1,0.7012
left,0.7208,TRACKING:ok,23.87,0,1,0.7012
left,0.7397,TRACKING:ok,23.87,0,1,0.7397
left,0.7597,TRACKING:ok,23.87,0,1,0.7397
left,0.7797,TRACKING:ok,23.87,0,1,0.7797
left,0.801,TRACKING:ok,23.87,0,1,0.801
left,0.8212,TRACKING:ok,23.87,0,1,0.801
left,0.8405,TRACKING:ok,23.87,0,1,0.8405
left,0.8612,TRACKING:ok,23.87,0,1,0.8405
left,0.8797,TRACKING:ok,23.87,0,1,0.8797
left,0.9002,TRACKING:ok,23.87,0,1,0.9002
left,0.9209,TRACKING:ok,23.87,0,1,0.9002
left,0.941,TRACKING:ok,23.87,0,1,0.941
left,0.9605,TRACKING:ok,23.87,0,1,0.941
left,0.9798,TRACKING:ok,23.87,0,1,0.9798
left,0.9997,TRACKING:ok,23.87,0,1,0.9798
left,1.02,TRACKING:ok,23.87,0,1,1.02
left,1.04,TRACKING:ok,23.87,0,1,1.04
left,1.06,TRACKING:ok,23.87,0,1,1.04
left,1.08,TRACKING:ok,23.87,0,1,1.08
left,1.101,TRACKING:ok,23.87,0,1,1.101
left,1.121,TRACKING:ok,23.87,0,1,1.101
left,1.141,TRACKING:ok,23.87,0,1,1.141
left,1.16,TRACKING:ok,23.87,0,1,1.141
left,1.18,TRACKING:ok,23.87,0,1,1.18
left,1.201,TRACKING:ok,23.87,0,1,1.201
left,1.221,TRACKING:ok,23.87,0,1,1.201
left,1.241,TRACKING:ok,23.87,0,1,1.241
left,1.26,TRACKING:ok,23.87,0,1,1.241
left,1.28,TRACKING:ok,23.87,0,1,1.28
left,1.301,TRACKING:ok,23.87,0,1,1.301
left,1.321,TRACKING:ok,23.87,0,1,1.301
left,1.34,TRACKING:ok,23.87,0,1,1.34
left,1.36,TRACKING:ok,23.87,0,1,1.34
left,1.38,TRACKING:ok,23.87,0,1,1.38
left,1.4,TRACKING:ok,23.87,0,1,1.4
left,1.421,TRACKING:ok,23.87,0,1,1.4
left,1.441,TRACKING:ok,23.87,0,1,1.441
left,1.461,TRACKING:ok,23.87,0,1,1.441
left,1.48,TRACKING:ok,23.87,0,1,1.48
left,1.501,TRACKING:ok,23.87,0,1,1.501
left,1.521,TRACKING:ok,23.87,0,1,1.501
left,1.541,TRACKING:ok,23.87,0,1,1.541
left,1.56,TRACKING:ok,23.87,0,1,1.541
left,1.58,TRACKING:ok,23.87,0,1,1.58
left,1.6,TRACKING:ok,23.87,0,1,1.58
left,1.62,TRACKING:ok,23.87,0,1,1.62
left,1.64,TRACKING:ok,23.87,0,1,1.64
left,1.661,TRACKING:ok,23.87,0,1,1.64
left,1.68,TRACKING:ok,23.87,0,1,1.68
left,1.7,TRACKING:ok,23.87,0,1,1.68
left,1.721,TRACKING:ok,23.87,0,1,1.721
left,1.741,TRACKING:ok,23.87,0,1,1.741
left,1.761,TRACKING:ok,23.87,0,1,1.741
left,1.78,TRACKING:ok,23.87,0,1,1.78
left,1.8,TRACKING:ok,23.87,0,1,1.8
left,1.821,TRACKING:ok,23.87,0,1,1.8
left,1.84,TRACKING:ok,23.87,0,1,1.84
left,1.86,TRACKING:ok,23.87,0,1,1.84
left,1.88,TRACKING:ok,23.87,0,1,1.88
left,1.9,TRACKING:ok,23.87,0,1,1.88
left,1.92,TRACKING:ok,23.87,0,1,1.92
left,1.94,TRACKING:ok,23.87,0,1,1.94
left,1.961,TRACKING:ok,23.87,0,1,1.94
left,1.98,TRACKING:ok,23.87,0,1,1.98
left,2,TRACKING:ok,23.87,0,1,2
left,2.02,TRACKING:ok,23.87,0,1,2
left,2.041,TRACKING:ok,23.87,0,1,2.041
left,2.061,TRACKING:ok,23.87,0,1,2.041
left,2.08,TRACKING:ok,23.87,0,1,2.08
left,2.1,TRACKING:ok,23.87,0,1,2.1
left,2.121,TRACKING:ok,23.87,0,1,2.1
left,2.14,TRACKING:ok,23.87,0,1,2.14
left,2.162,TRACKING:ok,23.87,0,1,2.14
left,2.181,TRACKING:ok,23.87,0,1,2.181
left,2.201,TRACKING:ok,23.87,0,1,2.201
left,2.221,TRACKING:ok,23.87,0,1,2.201
left,2.241,TRACKING:ok,23.87,0,1,2.241
left,2.26,TRACKING:ok,23.87,0,1,2.241
left,2.28,TRACKING:ok,23.87,0,1,2.28
left,2.301,TRACKING:ok,23.87,0,1,2.301
left,2.321,TRACKING:ok,23.87,0,1,2.301
left,2.341,TRACKING:ok,23.87,0,1,2.341
left,2.36,TRACKING:ok,23.87,0,1,2.341
left,2.381,TRACKING:ok,23.87,0,1,2.381
left,2.4,TRACKING:ok,23.87,0,1,2.381
left,2.42,TRACKING:ok,23.87,0,1,2.42
left,2.441,TRACKING:ok,23.87,0,1,2.441
left,2.461,TRACKING:ok,23.87,0,1,2.441
left,2.48,TRACKING:ok,23.87,0,1,2.48
left,2.5,TRACKING:ok,23.87,0,1,2.5
left,2.52,TRACKING:ok,23.87,0,1,2.5
left,2.54,TRACKING:ok,23.87,0,1,2.54
left,2.561,TRACKING:ok,23.87,0,1,2.54
left,2.58,TRACKING:ok,23.87,0,1,2.58
left,2.6,TRACKING:ok,23.87,0,1,2.6
left,2.62,TRACKING:ok,23.87,0,1,2.6
left,2.641,TRACKING:ok,23.87,0,1,2.641
left,2.661,TRACKING:ok,23.87,0,1,2.641
left,2.68,TRACKING:ok,23.87,0,1,2.68
left,2.701,TRACKING:ok,23.87,0,1,2.701
left,2.721,TRACKING:ok,23.87,0,1,2.701
left,2.74,TRACKING:ok,23.87,0,1,2.74
left,2.761,TRACKING:ok,23.87,0,1,2.74
left,2.78,TRACKING:ok,23.87,0,1,2.78
left,2.8,TRACKING:ok,23.87,0,1,2.8
left,2.821,TRACKING:ok,23.87,0,1,2.8
left,2.841,TRACKING:ok,23.87,0,1,2.841
left,2.861,TRACKING:ok,23.87,0,1,2.841
left,2.88,TRACKING:ok,23.87,0,1,2.88
left,2.901,TRACKING:ok,23.87,0,1,2.901
left,2.921,TRACKING:ok,23.87,0,1,2.901
left,2.941,TRACKING:ok,23.87,0,1,2.941
left,2.961,TRACKING:ok,23.87,0,1,2.941
left,2.98,TRACKING:ok,23.87,0,1,2.98
left,3,TRACKING:ok,23.87,0,0,2.98
left,3.02,TRACKING:ok,23.87,0,0,2.98
left,3.041,TRACKING:ok,23.87,0,0,2.98
left,3.061,TRACKING:ok,23.87,0,0,2.98
left,3.08,TRACKING:ok,23.87,0,0,2.98
left,3.1,TRACKING:ok,23.87,0,0,2.98
left,3.12,TRACKING:ok,23.87,0,0,2.98
left,3.14,TRACKING:ok,23.87,0,0,2.98
left,3.161,TRACKING:ok,23.87,0,0,2.98
left,3.181,TRACKING:ok,23.87,0,0,2.98
left,3.2,TRACKING:ok,23.87,0,0,2.98
left,3.22,TRACKING:ok,23.87,0,0,2.98
left,3.241,TRACKING:ok,23.87,0,0,2.98
left,3.26,TRACKING:ok,23.87,0,0,2.98
left,3.28,TRACKING:ok,23.87,0,0,2.98
left,3.3,TRACKING:ok,23.87,0,0,2.98
left,3.321,TRACKING:ok,23.87,0,0,2.98
left,3.341,TRACKING:ok,23.87,0,0,2.98
left,3.36,TRACKING:ok,23.87,0,0,2.98
left,3.38,TRACKING:ok,23.87,0,0,2.98
left,3.401,TRACKING:ok,23.87,0,0,2.98
left,3.42,TRACKING:ok,23.87,0,0,2.98
left,3.441,TRACKING:ok,23.87,0,0,2.98
left,3.46,TRACKING:ok,23.87,0,0,2.98
left,3.481,LOST:input_timeout,23.87,0,0,2.98
left,3.502,LOST:input_timeout,0,0,0,2.98
left,3.521,LOST:input_timeout,0,0,0,2.98
left,3.54,LOST:input_timeout,0,0,0,2.98
left,3.56,LOST:input_timeout,0,0,0,2.98
left,3.581,LOST:input_timeout,0,0,0,2.98
left,3.6,LOST:input_timeout,0,0,0,2.98
left,3.62,LOST:input_timeout,0,0,0,2.98
left,3.641,LOST:input_timeout,0,0,0,2.98
left,3.66,LOST:input_timeout,0,0,0,2.98
left,3.68,LOST:input_timeout,0,0,0,2.98
left,3.7,LOST:input_timeout,0,0,0,2.98
left,3.721,LOST:input_timeout,0,0,0,2.98
left,3.74,LOST:input_timeout,0,0,0,2.98
left,3.76,LOST:input_timeout,0,0,0,2.98
left,3.781,LOST:input_timeout,0,0,0,2.98
left,3.8,LOST:input_timeout,0,0,0,2.98
left,3.82,LOST:input_timeout,0,0,0,2.98
left,3.841,LOST:input_timeout,0,0,0,2.98
left,3.86,LOST:input_timeout,0,0,0,2.98
left,3.88,LOST:input_timeout,0,0,0,2.98
left,3.9,LOST:input_timeout,0,0,0,2.98
left,3.92,LOST:input_timeout,0,0,0,2.98
left,3.94,LOST:input_timeout,0,0,0,2.98
left,3.961,LOST:input_timeout,0,0,0,2.98
left,3.98,LOST:input_timeout,0,0,0,2.98
left,4,LOST:input_timeout,0,0,0,2.98
left,4.02,LOST:input_timeout,0,0,0,2.98
left,4.041,LOST:input_timeout,0,0,0,2.98
left,4.061,LOST:input_timeout,0,0,0,2.98
left,4.08,LOST:input_timeout,0,0,0,2.98
left,4.1,LOST:input_timeout,0,0,0,2.98
left,4.12,LOST:input_timeout,0,0,0,2.98
left,4.141,LOST:input_timeout,0,0,0,2.98
left,4.161,LOST:input_timeout,0,0,0,2.98
left,4.18,LOST:input_timeout,0,0,0,2.98
left,4.2,LOST:input_timeout,0,0,0,2.98
left,4.221,LOST:input_timeout,0,0,0,2.98
left,4.241,LOST:input_timeout,0,0,0,2.98
left,4.26,LOST:input_timeout,0,0,0,2.98
left,4.281,LOST:input_timeout,0,0,0,2.98
left,4.3,LOST:input_timeout,0,0,0,2.98
left,4.32,LOST:input_timeout,0,0,0,2.98
left,4.34,LOST:input_timeout,0,0,0,2.98
left,4.36,LOST:input_timeout,0,0,0,2.98
left,4.38,LOST:input_timeout,0,0,0,2.98
left,4.401,LOST:input_timeout,0,0,0,2.98
left,4.421,LOST:input_timeout,0,0,0,2.98
left,4.441,LOST:input_timeout,0,0,0,2.98
left,4.46,LOST:input_timeout,0,0,0,2.98
left,4.48,LOST:input_timeout,0,0,0,2.98
