frame,sha256,target_present,found,candidate_count,ex,ey,area_ratio,processing_seconds,correct_target_human,depth_available,size_verified,object_tracker_executed
frame-001.png,336dd2226a3c53fa0368f6f71cdaaed1be953411452857ae8f373d9bcf4d0a87,True,True,1,-0.27201796902707176,0.16527827034979173,0.013767903645833333,0.08006100700004026,,False,False,False
frame-002.png,0078c896b12c6d2fc9089efd233eacb38c90be40011940ced79a6a97a53e5bab,True,True,1,-0.2721638240751708,0.16507511153223575,0.013741861979166667,0.0008568110006308416,,False,False,False
frame-003.png,f02c6ab937e12df73a8a4d9e26c869b05e0ad13ececb20d4738ef716980f68ae,True,True,1,-0.27207091317719423,0.16438323081775888,0.013759765625,0.0007956180015753489,,False,False,False
frame-004.png,ce06893ca72ebf6aa2c1792c58a2a7e7248218dda4be9d7dfb8ed1b472f3bcba,True,True,1,-0.2725195090666981,0.16476797999973888,0.0138525390625,0.0006202070017025108,,False,False,False
frame-005.png,1770f848bfd50c9720ebf6b4a8bd6c14889986971b7e78c354b9b2644172ab62,True,True,1,-0.2718308563861095,0.16500032698973233,0.013826497395833333,0.000707633998899837,,False,False,False
frame-006.png,71163bb2504db658082992030d4d9dc856c00eeca98788f079530296aad401b9,True,True,1,-0.27218446649444183,0.1641488570533897,0.013860677083333333,0.0005013339996366994,,False,False,False
frame-007.png,5e42f47694cbbfdeb783ed009aa08670acab0768b0876169f15342dbf7e71411,True,True,1,-0.27228341535817524,0.16398149233132814,0.013889973958333333,0.0006914000005053822,,False,False,False
frame-008.png,9d0c0f78444ed6874def8357fd2cfea89ba68a72e06e1af74716334d9d134ec9,True,True,1,-0.27169955496870113,0.16468798904538343,0.0138671875,0.0006756359998689732,,False,False,False
frame-009.png,8c5f416ef5e2e18f99623d4c28b013514e911a6adb55108742b3b2fabb2b8c89,True,True,1,-0.27139783597071326,0.16424447593554797,0.013782552083333333,0.0006326509992504725,,False,False,False
frame-010.png,cd29bd7d66edd1a186be35692969e61cbc4cdd1f315168d792c60a85587a6fa2,True,True,1,-0.2704097644301434,0.16343056052119329,0.0136572265625,0.0005471960012073396,,False,False,False
frame-011.png,3a015c5ce8466d0736752ca55acb1d43a199d64d85f2f33fe5e1860e5c1a05b4,True,True,1,-0.27147171050033564,0.16351735576353524,0.013738606770833333,0.0005469190000439994,,False,False,False
frame-012.png,6b993b929d3c93bc3e992ac947aa135d2fa8080c34e5a3a19a0bb11415d79ebe,True,True,1,-0.2717406990076306,0.16309799153916107,0.013722330729166666,0.0005535569998755818,,False,False,False
frame-013.png,f8d51dc3ef8c1d4283f8a5dcfbf39b21f66bf6d6e5e167957e465c8e6941600a,True,True,1,-0.27267775116315746,0.16490320164024913,0.013759765625,0.0005433050009742146,,False,False,False
frame-014.png,dcd2c73a91ddeefe3afd7e161dfde903e2c15475699134be62b9e64711cac2ea,True,True,1,-0.27144956010280746,0.16579807565572674,0.013720703125,0.0005712479996873299,,False,False,False
frame-015.png,dc926fe7cf4d7ffe37acd995e511ae6dcf4fbeb5fae1a68dde366b0b01fc734b,True,True,1,-0.2722071952228923,0.16550704216099726,0.0137646484375,0.00075089199890499,,False,False,False
frame-016.png,53421b6cdc468a39a2a20b2a0cea1a671147edd8a76a9f6c18a91014be170711,True,True,1,-0.27198874166962417,0.1649521208775319,0.013758138020833333,0.0004983300004823832,,False,False,False
frame-017.png,ca5fd90c6755b54caefa711df505d2ae497b89e4315c76eb5cffcd98908368ff,True,True,1,-0.2717380556873913,0.16514478853556913,0.013717447916666667,0.0006587869993381901,,False,False,False
frame-018.png,4c404d57e362d975344c8b85798d05e688791bdd9984b5a3e79ae4d2611c3f40,True,True,1,-0.272215313750883,0.1649528752321899,0.013824869791666666,0.0005880129992874572,,False,False,False
frame-019.png,c36429f9d10d22d41136df93cdb61a2d982249557e1d87f17842eafa635c3b16,True,True,1,-0.2720734009621831,0.16552785335909662,0.013758138020833333,0.0005403190007200465,,False,False,False
frame-020.png,465e495e028e0207636a57fd079c78d6c280eb61c85600282d0c8567bd498ac9,True,True,1,-0.2721843314790705,0.16434127641666998,0.013751627604166667,0.0006549890003952896,,False,False,False
frame-021.png,01491154ba8209d87fd2a4df6426539ac59680ba88dedae7ea42308d47b55ce8,True,True,1,-0.27268742859394085,0.16512101275131646,0.013771158854166667,0.0005310409997036913,,False,False,False
frame-022.png,38dea50d7376c7b5bbd61790c46faf3f59779d4fd5d398661696dbc26c162c7e,True,True,1,-0.27244827519153747,0.1652813427708421,0.0139501953125,0.0004681020000134595,,False,False,False
frame-023.png,c6e0aa54f2d886b8e8a175918cadc9d55c230c8e2935144afb4eb74176dc2048,True,True,1,-0.27176369387593213,0.1646244843725211,0.013678385416666666,0.0006063830005587079,,False,False,False
frame-024.png,f140444fd8f7cd78182f5f105a4cbbaafbea2e6347f24987247b7ff80d65b588,True,True,1,-0.2727137970912228,0.16517503626171148,0.013839518229166667,0.0005549649995373329,,False,False,False
frame-025.png,b7c69ba3c4a0df77ada8ec91b23141301797a5836225a4cec877ba0356309cf0,True,True,1,-0.2717972875778356,0.1640585179054675,0.013766276041666666,0.0005718710017390549,,False,False,False
frame-026.png,e61ed1b242f44f895cce82f3397e8e19959a3aec4957a1e5de8942f10daa0ad9,True,True,1,-0.272186716423758,0.16431773363631616,0.01384765625,0.0005636269997921772,,False,False,False
frame-027.png,1503f1afe332dbe500920d75834f63241b2199ceba175cda3b8aac320d618945,True,True,1,-0.27191881584615996,0.1643126868496978,0.0138525390625,0.0005449489999591606,,False,False,False
frame-028.png,5df5a8577f0b5203f25865f69a595f351d95763edd8ba952e4b7668af8f2f8e9,True,True,1,-0.27241916695909857,0.16500337921264338,0.013914388020833333,0.0005444250000437023,,False,False,False
frame-029.png,e324f8f55d889ff4416a0a3232fb671d04d0a4a7cea718ade7b25a5b79f48ae2,True,True,1,-0.27177317001180634,0.16479879968516328,0.013785807291666667,0.0005958459987596143,,False,False,False
frame-030.png,65ecfeca405d994bff6b86d0cba19945c5d73cbdd6192613306b9a4e07eb611d,True,True,1,-0.27254824845134484,0.1649267165895606,0.013837890625,0.0005889559997740434,,False,False,False
