label,date,frames,detect_ratio,target_z_m_mean,target_area_cm2_mean,target_area_cm2_min,target_area_cm2_max,target_area_px_mean,target_cut_frames,target_no_depth_frames,rejected_count,rejected_reasons,rejected_area_cm2_range,other_kept_count,obj_area_min_cm2,obj_area_max_cm2,detect_scale
invalid_camera_pitched_tilt00,2026-10-08 17:00:39,77,1.0,0.454,18.39,18.24,18.58,3280.0,0,0,0,,,0,2.0,30.0,1.0
tilt00_0.5m,2026-10-08 17:04:11,61,1.0,0.507,18.33,18.24,18.42,2620.0,0,0,0,,,0,2.0,30.0,1.0
tilt00_0.3m,2026-10-08 17:05:16,54,1.0,0.387,18.17,18.01,18.25,4455.0,0,0,5,big,59.46~72.65,0,2.0,30.0,1.0
tilt30_0.4m,2026-10-08 17:08:13,55,1.0,0.396,19.69,15.57,22.02,4604.0,0,0,48,big,70.06~110.29,0,2.0,30.0,1.0
tilt45_0.4m,2026-10-08 17:09:31,55,1.0,0.411,19.18,19.05,19.37,4160.0,0,0,0,,,0,2.0,30.0,1.0
tilt30_0.6m,2026-10-08 17:10:36,55,1.0,0.67,19.03,18.81,19.25,1556.0,0,0,0,,,0,2.0,30.0,1.0
tilt45_0.6m,2026-10-08 17:11:34,55,1.0,0.66,22.44,22.01,22.96,1889.0,0,0,46,big,51.41~87.67,0,2.0,30.0,1.0
tilt00_1.0m,2026-10-08 17:12:43,47,0.638,1.367,17.6,17.34,18.09,346.0,0,26,45,big,37.63~116.68,0,2.0,30.0,1.0
tilt30_1.0m,2026-10-08 17:14:00,43,1.0,1.332,21.36,15.04,22.43,441.0,1,0,0,,,66,2.0,30.0,1.0
tilt45_1.0m_person,2026-10-08 17:15:16,53,1.0,1.382,20.46,17.95,28.06,391.0,1,0,80,big,30.43~222.38,189,2.0,30.0,1.0
tilt45_1.0m,2026-10-08 17:17:52,50,1.0,1.611,19.93,19.05,20.74,282.0,0,0,0,,,0,2.0,30.0,1.0
