run_id,kp,t_s,target_deg,position_deg,error_deg,p_deg_s,u_deg_s,speed_deg_s,v_limit_deg_s,dt_ms
kp5_run3,2.1,0.100,0.000,0.000,0.000,0.000,0.000,0.000,120.000,10.000
kp5_run3,2.1,0.200,0.000,-0.088,0.088,0.000,0.000,0.000,120.000,10.000
kp5_run3,2.1,0.300,0.000,-0.088,0.088,0.000,0.000,0.000,120.000,10.000
kp5_run3,2.1,0.410,0.000,-0.088,0.088,0.000,0.000,0.000,120.000,10.001
kp5_run3,2.1,0.510,0.000,-0.088,0.088,0.000,0.000,0.000,120.000,10.000
kp5_run3,2.1,0.610,0.000,-0.088,0.088,0.000,0.000,0.000,120.000,10.000
kp5_run3,2.1,0.710,0.000,-0.088,0.088,0.000,0.000,0.000,120.000,10.000
kp5_run3,2.1,0.810,0.000,-0.088,0.088,0.000,0.000,0.000,120.000,10.000
kp5_run3,2.1,0.910,0.000,-0.088,0.088,0.000,0.000,0.000,120.000,10.001
kp5_run3,2.1,1.010,0.000,-0.088,0.088,0.000,0.000,0.000,120.000,10.000
kp5_run3,2.1,1.110,0.000,-0.088,0.088,0.000,0.000,0.000,120.000,10.001
kp5_run3,2.1,1.210,0.000,0.000,0.000,0.000,0.000,0.000,120.000,10.000
kp5_run3,2.1,1.310,0.000,-0.088,0.088,0.000,0.000,0.000,120.000,10.001
kp5_run3,2.1,1.410,0.000,-0.088,0.088,0.000,0.000,0.000,120.000,10.000
kp5_run3,2.1,1.510,0.000,-0.088,0.088,0.000,0.000,0.000,120.000,10.001
kp5_run3,2.1,1.610,0.000,-0.088,0.088,0.000,0.000,0.000,120.000,10.000
kp5_run3,2.1,1.710,0.000,0.000,0.000,0.000,0.000,0.000,120.000,10.001
kp5_run3,2.1,1.810,0.000,-0.088,0.088,0.000,0.000,0.000,120.000,10.001
kp5_run3,2.1,1.910,0.000,-0.088,0.088,0.000,0.000,0.000,120.000,10.000
kp5_run3,2.1,2.010,40.000,-0.088,40.088,84.185,83.814,0.000,120.000,10.000
kp5_run3,2.1,2.110,40.000,0.000,40.000,84.000,83.814,0.000,120.000,10.000
kp5_run3,2.1,2.210,40.000,1.055,38.945,81.785,82.440,9.618,120.000,10.001
kp5_run3,2.1,2.310,40.000,3.164,36.836,77.355,76.944,20.610,120.000,10.001
kp5_run3,2.1,2.410,40.000,6.240,33.760,70.896,71.448,31.602,120.000,10.001
kp5_run3,2.1,2.510,40.000,10.459,29.541,62.036,61.830,41.220,120.000,10.001
kp5_run3,2.1,2.610,40.000,15.645,24.355,51.146,50.838,50.838,120.000,10.000
kp5_run3,2.1,2.710,40.000,20.566,19.434,40.811,41.220,50.838,120.000,10.000
kp5_run3,2.1,2.810,40.000,24.873,15.127,31.767,31.602,41.220,120.000,10.001
kp5_run3,2.1,2.910,40.000,28.125,11.875,24.937,24.732,31.602,120.000,10.000
kp5_run3,2.1,3.010,40.000,30.586,9.414,19.770,19.236,24.732,120.000,10.000
kp5_run3,2.1,3.110,40.000,32.695,7.305,15.340,15.114,19.236,120.000,10.001
kp5_run3,2.1,3.210,40.000,34.189,5.811,12.202,12.366,15.114,120.000,10.001
kp5_run3,2.1,3.310,40.000,35.420,4.580,9.618,9.618,12.366,120.000,10.001
kp5_run3,2.1,3.410,40.000,36.299,3.701,7.772,8.244,9.618,120.000,10.000
kp5_run3,2.1,3.510,40.000,37.178,2.822,5.927,5.496,6.870,120.000,10.001
kp5_run3,2.1,3.610,40.000,37.705,2.295,4.819,5.496,5.496,120.000,10.000
kp5_run3,2.1,3.710,40.000,38.145,1.855,3.896,4.122,4.122,120.000,10.001
kp5_run3,2.1,3.810,40.000,38.584,1.416,2.974,2.748,2.748,120.000,10.000
kp5_run3,2.1,3.910,40.000,38.936,1.064,2.235,2.748,2.748,120.000,10.001
kp5_run3,2.1,4.010,40.000,39.023,0.977,2.051,1.374,0.000,120.000,10.001
kp5_run3,2.1,4.110,40.000,39.199,0.801,1.682,1.374,1.374,120.000,10.000
kp5_run3,2.1,4.210,40.000,39.375,0.625,1.312,1.374,1.374,120.000,10.000
kp5_run3,2.1,4.310,40.000,39.551,0.449,0.943,1.374,0.000,120.000,10.000
kp5_run3,2.1,4.410,40.000,39.639,0.361,0.759,1.374,0.000,120.000,10.000
kp5_run3,2.1,4.510,40.000,39.727,0.273,0.574,0.000,0.000,120.000,10.001
kp5_run3,2.1,4.610,40.000,39.727,0.273,0.574,0.000,0.000,120.000,10.000
kp5_run3,2.1,4.710,40.000,39.727,0.273,0.574,0.000,0.000,120.000,10.000
kp5_run3,2.1,4.810,40.000,39.727,0.273,0.574,0.000,0.000,120.000,10.000
kp5_run3,2.1,4.910,40.000,39.727,0.273,0.574,0.000,0.000,120.000,10.000
kp5_run3,2.1,5.010,40.000,39.727,0.273,0.574,0.000,0.000,120.000,10.000
kp5_run3,2.1,5.110,40.000,39.727,0.273,0.574,0.000,0.000,120.000,10.000
kp5_run3,2.1,5.210,40.000,39.727,0.273,0.574,0.000,0.000,120.000,10.000
kp5_run3,2.1,5.310,40.000,39.727,0.273,0.574,0.000,0.000,120.000,10.001
kp5_run3,2.1,5.410,40.000,39.727,0.273,0.574,0.000,0.000,120.000,10.000
kp5_run3,2.1,5.510,40.000,39.727,0.273,0.574,0.000,0.000,120.000,10.000
kp5_run3,2.1,5.610,40.000,39.727,0.273,0.574,0.000,0.000,120.000,10.001
kp5_run3,2.1,5.710,40.000,39.727,0.273,0.574,0.000,0.000,120.000,10.000
kp5_run3,2.1,5.810,40.000,39.814,0.186,0.000,0.000,0.000,120.000,10.001
kp5_run3,2.1,5.910,40.000,39.727,0.273,0.574,0.000,0.000,120.000,10.000
kp5_run3,2.1,6.010,40.000,39.727,0.273,0.574,0.000,0.000,120.000,10.000
kp5_run3,2.1,6.110,40.000,39.727,0.273,0.574,0.000,0.000,120.000,10.000
kp5_run3,2.1,6.210,40.000,39.727,0.273,0.574,0.000,0.000,120.000,10.001
kp5_run3,2.1,6.310,40.000,39.727,0.273,0.574,0.000,0.000,120.000,10.000
kp5_run3,2.1,6.410,40.000,39.727,0.273,0.574,0.000,0.000,120.000,10.000
kp5_run3,2.1,6.510,40.000,39.727,0.273,0.574,0.000,0.000,120.000,10.001
kp5_run3,2.1,6.610,40.000,39.727,0.273,0.574,0.000,0.000,120.000,10.000
kp5_run3,2.1,6.710,40.000,39.727,0.273,0.574,0.000,0.000,120.000,10.000
kp5_run3,2.1,6.810,40.000,39.727,0.273,0.574,0.000,0.000,120.000,10.001
kp5_run3,2.1,6.910,40.000,39.814,0.186,0.000,0.000,0.000,120.000,10.001
kp5_run3,2.1,7.010,40.000,39.727,0.273,0.574,0.000,0.000,120.000,10.000
kp5_run3,2.1,7.110,40.000,39.727,0.273,0.574,0.000,0.000,120.000,10.000
kp5_run3,2.1,7.210,40.000,39.727,0.273,0.574,0.000,0.000,120.000,10.000
kp5_run3,2.1,7.310,40.000,39.814,0.186,0.000,0.000,0.000,120.000,10.001
kp5_run3,2.1,7.410,40.000,39.814,0.186,0.000,0.000,0.000,120.000,10.000
kp5_run3,2.1,7.510,40.000,39.727,0.273,0.574,0.000,0.000,120.000,10.000
kp5_run3,2.1,7.610,40.000,39.814,0.186,0.000,0.000,0.000,120.000,10.000
kp5_run3,2.1,7.710,40.000,39.727,0.273,0.574,0.000,0.000,120.000,10.001
kp5_run3,2.1,7.810,40.000,39.814,0.186,0.000,0.000,0.000,120.000,10.001
kp5_run3,2.1,7.910,40.000,39.727,0.273,0.574,0.000,0.000,120.000,10.000
kp5_run3,2.1,8.010,40.000,39.727,0.273,0.574,0.000,0.000,120.000,10.000
kp5_run3,2.1,8.110,40.000,39.727,0.273,0.574,0.000,0.000,120.000,10.001
kp5_run3,2.1,8.210,40.000,39.727,0.273,0.574,0.000,0.000,120.000,10.001
kp5_run3,2.1,8.310,40.000,39.727,0.273,0.574,0.000,0.000,120.000,10.000
kp5_run3,2.1,8.410,40.000,39.727,0.273,0.574,0.000,0.000,120.000,10.001
kp5_run3,2.1,8.510,40.000,39.727,0.273,0.574,0.000,0.000,120.000,10.000
kp5_run3,2.1,8.610,40.000,39.727,0.273,0.574,0.000,0.000,120.000,10.000
kp5_run3,2.1,8.710,40.000,39.727,0.273,0.574,0.000,0.000,120.000,10.000
kp5_run3,2.1,8.810,40.000,39.727,0.273,0.574,0.000,0.000,120.000,10.001
kp5_run3,2.1,8.910,40.000,39.727,0.273,0.574,0.000,0.000,120.000,10.001
kp5_run3,2.1,9.010,40.000,39.814,0.186,0.000,0.000,0.000,120.000,10.000
kp5_run3,2.1,9.110,40.000,39.727,0.273,0.574,0.000,0.000,120.000,10.003
kp5_run3,2.1,9.210,40.000,39.814,0.186,0.000,0.000,0.000,120.000,10.001
