test,run_id,condition,date,verdict,longest_search_s,frames,duration_s,target_rate_hz,node_detect_ratio,tracking_ratio,rmse_ex,rmse_rows,to_tracking_transitions,max_abs_pan_cmd,pan_kp,mean_abs_ex,max_abs_ex,excluded_rows,response_mean_s,response_missing,cmd_flips_per_s,processing_fps,camera_fps,rows,trials,success,success_rate_pct,recovery_mean_s,recovery_max_s,max_cmd_while_lost,status_before,kill_to_timeout_s,input_timeout_cfg_s,nonzero_cmd_rows_after_timeout,pan_speed_before_dps,last_motion_after_kill_s,bridge_cmd_timeout_cfg_s,serial_read_from_s,timeout_event,final_state,final_speed_dps
assignment_B_search,found_20261007_123855,dry_run virtual,2026-10-07,PASS,1.334,,,,,,,,,,,,,,,,,,,,,,,,,,,,,,,,,,,,
assignment_B_search,cancel_20261007_123855,dry_run virtual,2026-10-07,PASS,0.4975,,,,,,,,,,,,,,,,,,,,,,,,,,,,,,,,,,,,
assignment_B_search,notfound_20261007_123855,dry_run virtual,2026-10-07,PASS,2.997,,,,,,,,,,,,,,,,,,,,,,,,,,,,,,,,,,,,
assignment5_reanalysis,assignment5_success_20261008_121732,bag,2026-10-08,,,290,18.45,15.67,1,0.9931,0.01169,288,1,0,,,,,,,,,,,,,,,,,,,,,,,,,,,
assignment5_reanalysis,assignment5_lost_20261008_122845,bag,2026-10-08,,,256,14.98,17.02,0.7812,0.6914,0.2126,171,6,45.22,,,,,,,,,,,,,,,,,,,,,,,,,,,
assignment5_reanalysis,motion_20261008_125139,bag,2026-10-08,,,271,15.38,17.56,0.9446,0.9188,0.2259,247,3,27.07,,,,,,,,,,,,,,,,,,,,,,,,,,,
assignment3,assignment3_kp2_t1,pan_kp=2.0,2026-10-08,,,,12.06,,1,1,0.1735,604,,,2.0,0.1292,0.4246,0,0.447,0,0.1658,,,,,,,,,,,,,,,,,,,,
assignment3,assignment3_kp2_t2,pan_kp=2.0,2026-10-08,,,,12.08,,0.9421,0.9289,0.2688,562,,,2.0,0.163,0.9771,43,0.05977,0,0.5348,,,,,,,,,,,,,,,,,,,,
assignment3,assignment3_kp2_t3,pan_kp=2.0,2026-10-08,,,,12.12,,0.9555,0.9489,0.259,576,,,2.0,0.1918,0.8704,31,0.5337,0,0.3478,,,,,,,,,,,,,,,,,,,,
assignment4_normal,assignment4_normal_20261008_194213,35 s,2026-10-08,,,958,34.98,,0.8069,0.7811,0.3307,1367,,,,0.2432,0.9652,383,,,0.9516,27.35,27.3,1750,,,,,,,,,,,,,,,,,
assignment4_occlusion,assignment4_occlusion_20261008_194334,config 기본,2026-10-08,,,,,,,,,,,,,,,,,,,,,,5,5,100,0.229,0.2847,0,,,,,,,,,,,
assignment4_topic_stop,assignment4_topicstop_20261008_194514,detector kill -9,2026-10-08,PASS,,,,,,,,,,,,,,,,,,,,,,,,,,,TRACKING:ok,0.4819,0.5,0,,,,,,,
assignment4_control_stop,assignment4_ctlstop_controller_20261008_194617,controller kill -9,2026-10-08,PASS,,,,,,,,,,,,,,,,,,,,,,,,,,,,,,,8.24,0.3215,0.2,,,,
assignment4_control_stop,assignment4_ctlstop_bridge_20261008_194707,bridge kill -9,2026-10-08,PASS,,,,,,,,,,,,,,,,,,,,,,,,,,,,,,,,,,0.08089,0.298s E 1 command timeout; stop,HOLD,0.00 0.00
