time,u,v,z_m,h_med,s_med,v_med,h_min,s_min,v_min,h_max,s_max,v_max,r,g,b,in_mask_ratio
2026-10-05T16:33:57,521,210,nan,105,228,148,105,222,145,106,234,151,16,80,148,1.00
2026-10-05T16:34:04,521,210,0.324,106,219,133,105,211,127,106,225,137,19,74,133,1.00
2026-10-05T16:34:11,521,210,0.706,106,162,115,105,131,108,107,182,128,41,76,115,1.00
2026-10-05T16:34:17,521,210,0.980,106,154,133,105,128,122,108,164,144,53,90,133,1.00
2026-10-05T16:34:45,443,281,1.577,105,177,117,104,81,108,106,191,174,35,75,117,0.89
2026-10-05T16:35:38,469,301,1.165,106,219,106,105,206,100,107,230,114,15,57,106,1.00
2026-10-05T16:35:49,471,281,1.478,106,212,116,104,203,113,106,220,123,19,66,116,1.00
2026-10-05T16:36:27,454,311,0.455,107,240,88,107,232,84,108,246,90,5,40,88,1.00
2026-10-05T16:37:04,454,311,0.453,105,247,31,105,210,30,107,255,34,1,16,31,0.00
2026-10-05T16:37:11,414,262,0.763,106,214,54,103,188,49,107,227,71,8,29,54,0.99
2026-10-05T16:37:27,272,317,1.105,107,255,90,106,212,85,107,255,96,0,40,90,1.00
2026-10-05T16:37:35,275,293,1.500,106,243,79,106,230,71,107,252,81,3,38,79,1.00
